key,cn,en,zh-tw
title,"管理后台","BackOffice","管理后台"
sysmgt_TEXT,"系统管理","System","系统管理"
sysmgt.admmgt,"管理员管理","Admin","管理员管理"
sysmgt.admingroup_TEXT,"组别列表","Group List","组别列表"
sysmgt.admingroup.permissions.create,"新增組別","New Group","新增組別"
sysmgt.admingroup.permissions.edit,"編輯組別權限","Edit Group","編輯組別權限"
sysmgt.admingroup.permissions.editpermission,"編輯組別權限","Edit Group Permission","編輯組別權限"
sysmgt.admingroup.permissions.disable,"停用組別","Disable Group","停用組別"
sysmgt.admingroup.permissions.enable,"啟用組別","Enable Group","啟用組別"
sysmgt.admingroup.permissions.delete,"刪除組別","Delete Group","刪除組別"
sysmgt.adminuser_TEXT,"管理员列表","Admin List","管理员列表"
sysmgt.adminuser.permissions.create,"新增管理員","New Admin","新增管理員"
sysmgt.adminuser.permissions.editpermission,"編輯管理員權限","Edit Admin Permission","編輯管理員權限"
sysmgt.adminuser.permissions.disable,"停用管理員","Disable Admin","停用管理員"
sysmgt.adminuser.permissions.enable,"啟用管理員","Enable Admin","啟用管理員"
sysmgt.adminuser.permissions.delete,"刪除管理員","Delete Admin","刪除管理員"
sysmgt.syscfg,"系统配置","System Setting","系统配置"
sysmgt.agentsetting,"代理设置","Agent Setting","代理设置"
sysmgt.agentbosetting,"代理后台","Agent Backoffice","代理后台"
sysmgt.smssetting,"短信配置","SMS Setting","短信配置"
sysmgt.emailsetting,"邮箱配置","Email Setting","邮箱配置"
sysmgt.locationwhitelist_TEXT,"地区白名单","Region White List","地区白名单"
sysmgt.locationwhitelist.permissions.create,"新增地區白名單","New Region White List","新增地區白名單"
sysmgt.locationwhitelist.permissions.edit,"編輯平台","Edit Platform","編輯平台"
sysmgt.systemVersionControl,"系统版本管理","System Version","系统版本管理"
sysmgt.commonItem.serachBtn,"搜索","Search","搜索"
sysmgt.commonItem.resetBtn,"重置","Reset","重置"
sysmgt.smsSettingItem.tableTitle,"短信服务商列表","SMS Service Provider List","短信服务商列表"
sysmgt.smsSettingItem.add,"新增","Add","新增"
sysmgt.smsSettingItem.batchDisable,"批量停用","Disable All","批量停用"
sysmgt.smsSettingItem.batchEnable,"批量启用","Enable All","批量启用"
sysmgt.smsSettingItem.batchDelete,"批量删除","Delete All","批量删除"
sysmgt.smsSettingItem.sendTestSms,"发送测试信息","Send Testing SMS","发送测试信息"
sysmgt.smsSettingItem.vendorId,"服务商编号","Service Provider ID","服务商编号"
sysmgt.smsSettingItem.vendorName,"服务商名称","Service Provider Name","服务商名称"
sysmgt.smsSettingItem.state,"状态","Status","状态"
sysmgt.smsSettingItem.platformName,"现合网名称","Opt Site","现合网名称"
sysmgt.smsSettingItem.remark,"操作备注","Remarks","操作备注"
sysmgt.smsSettingItem.operator,"操作人","Modified By","操作人"
sysmgt.smsSettingItem.time,"操作时间","Modified Time","操作时间"
sysmgt.smsSettingItem.operate,"操作","Actions","操作"
sysmgt.smsSettingItem.checkCert,"查看凭证","Proof","查看凭证"
sysmgt.smsSettingItem.certRemark,"操作备注","Remarks","操作备注"
sysmgt.smsSettingItem.uploadCert,"上传凭证","Upload Proof","上传凭证"
sysmgt.smsSettingItem.checkParameter,"查看参数","Parameter","查看参数"
sysmgt.smsSettingItem.editParameter,"编辑参数","Edit Parameter","编辑参数"
sysmgt.smsSettingItem.distributePlatform,"分配现合网","Assign Opt Site","分配现合网"
sysmgt.smsSettingItem.disable,"停用","Disable","停用"
sysmgt.smsSettingItem.delete,"删除","Delete","删除"
accountcfg_TEXT,"帐号管理","Account","帐号管理"
accountcfg.account_TEXT,"帐号管理","Account","帐号管理"
accountcfg.account.permissions.create,"新增帳號","New Account","新增帳號"
accountcfg.account.permissions.updateagent,"添加下線","Add Subordinate","添加下線"
accountcfg.account.permissions.batchdeposit,"批量人工充值","Batch Manual Deposit","批量人工充值"
accountcfg.account.permissions.batchwithdraw,"批量人工提現","Batch Manual Withdrawal","批量人工提現"
accountcfg.account.permissions.batchgiveaway,"批量贈送彩金","Batch Bonus","批量贈送彩金"
accountcfg.account.permissions.detail,"帳號詳情","Account Details","帳號詳情"
accountcfg.account.permissions.kick,"踢綫","Forced Logout","踢綫"
accountcfg.account.permissions.turnback,"一鍵轉回","Click to Revert","一鍵轉回"
accountcfg.account.permissions.updatewallet,"人工調整","Manual Adjustment","人工調整"
accountcfg.account.permissions.transfer,"人工轉帳","Manual Transfer","人工轉帳"
accountcfg.account.permissions.updategroup,"調整账号层级","Adjust Account Level","調整账号层级"
accountcfg.account.permissions.riskremark,"编辑风控备注","Edit Risk Control Remarks","编辑风控备注"
accountcfg.account.permissions.depositremark,"编辑充值备注","Edit Deposit Remarks","编辑充值备注"
accountcfg.account.permissions.withdrawremark,"编辑提现备注","Edit Withdrawal Remarks","编辑提现备注"
accountcfg.account.permissions.operateremark,"编辑运营备注","Edit Operational Remarks","编辑运营备注"
accountcfg.account.permissions.updatestatus,"编辑冻结状态","Edit Freezing Status","编辑冻结状态"
accountcfg.account.permissions.updatename,"编辑绑定姓名","Edit Registered Name","编辑绑定姓名"
accountcfg.account.permissions.deletephone,"删除手机","Delete Mobile No.","删除手机"
accountcfg.account.permissions.deleteemail,"删除邮箱","Delete Email","删除邮箱"
accountcfg.account.permissions.deletebank,"删除银行卡","Delete Bank Card No.","删除银行卡"
accountcfg.account.permissions.deleteaddress,"删除钱包地址","Delete Wallet Address","删除钱包地址"
accountcfg.accountgroupcfg_TEXT,"帐号层级配置","Account Level Setting","帐号层级配置"
accountcfg.accountgroupcfg.permissions.create,"新增帳號層級","Add Account Level","新增帳號層級"
accountcfg.accountgroupcfg.permissions.batchedit,"批量編輯","Batch Edit","批量編輯"
accountcfg.accountgroupcfg.permissions.readaccount,"查看帳號","View Account","查看帳號"
accountcfg.accountgroupcfg.permissions.readfreeze,"查看凍結","View Freeze","查看凍結"
accountcfg.accountgroupcfg.permissions.readhistory,"查看編輯日誌","View Edit Log","查看編輯日誌"
accountcfg.accountvipcfg,"VIP管理","VIP Management","VIP管理"
accountcfg.accountvipcfg_accountvip_TEXT,"VIP等级配置","VIP Level Setting","VIP等级配置"
accountcfg.accountvipcfg_accountvip.permissions.create,"新增VIP等級","New VIP Level","新增VIP等級"
accountcfg.accountvipcfg_accountvip.permissions.batchedit,"批量編輯","Batch Edit","批量編輯"
accountcfg.accountvipcfg_accountvip.permissions.list,"查看等級配置","View Level Setting","查看等級配置"
accountcfg.accountvipcfg_accountvip.permissions.readhistory,"查看編輯日誌","View Edit Log","查看編輯日誌"
accountcfg.accountvipcfg_accountvipprofit_TEXT,"VIP福利发放列表","VIP Benefit List","VIP福利发放列表"
accountcfg.accountvipcfg_accountvipprofit_vip,"依等級","By Level","依等級"
accountcfg.accountvipcfg_accountvipprofit_account,"依帳號","By Account","依帳號"
accountcfg.memberlevelattendance,"VIP签到列表","VIP Sign-in List","VIP签到列表"
accountcfg.memberManagementItem.platformName,"平台名称","Opt Site","平台名称"
accountcfg.memberManagementItem.onlineStatus,"在线状态","Online Status","在线状态"
accountcfg.memberManagementItem.accountCode,"账号编号","Account Number","账号编号"
accountcfg.memberManagementItem.accountName,"登录账号","Login Account","登录账号"
accountcfg.memberManagementItem.vipLevel,"VIP等级","VIP Level","VIP等级"
accountcfg.memberManagementItem.accountLevel,"账号层级","Account Level","账号层级"
accountcfg.memberManagementItem.accountType,"账号类型","Account Type","账号类型"
accountcfg.memberManagementItem.firstLevelAgent,"一级代理","Primary Level Agent","一级代理"
accountcfg.memberManagementItem.superiorAgent,"上级代理","Superior Agent","上级代理"
accountcfg.memberManagementItem.accountBalance,"账户余额","Account Balance","账户余额"
accountcfg.memberManagementItem.registerDateTime,"注册时间","Registration Time","注册时间"
accountcfg.memberManagementItem.registerDate,"注册日期","Registration Date","注册日期"
accountcfg.memberManagementItem.lastOnlineDateTime,"最后登录时间","Last Registration Time","最后登录时间"
accountcfg.memberManagementItem.lastOnlineDate,"最后登录日期","Last Registration Date","最后登录日期"
accountcfg.memberManagementItem.action,"操作","Actions","操作"
accountcfg.memberManagementItem.detail,"详情","Details","详情"
accountcfg.memberManagementItem.search,"搜索","Search","搜索"
accountcfg.memberManagementItem.reset,"重置","Reset","重置"
accountcfg.memberManagementItem.add,"新增","Add","新增"
accountcfg.memberManagementItem.addLowLevel,"添加下级","Add Subordinate","添加下级"
accountcfg.memberManagementItem.batchManualCharge,"批量人工充值","Batch Manual Deposit","批量人工充值"
accountcfg.memberManagementItem.batchManualWithdrawal,"批量人工提现","Batch Manual Withdrawal","批量人工提现"
accountcfg.memberManagementItem.batchReward,"批量赠送彩金","Batch Bonus","批量赠送彩金"
accountcfg.memberManagementItem.export,"导出","Export","导出"
accountcfg.memberManagementItem.memberList,"会员列表","Member List","会员列表"
accountcfg.memberManagementItem.agentPlaceholder,"请输入代理帐号","Please enter the Agent Account.","请输入代理帐号"
gamemgt_TEXT,"游戏管理","Game","游戏管理"
gamemgt.game_TEXT,"游戏分类","Game Category","游戏分类"
gamemgt.game_sports_TEXT,"体育","Sports","体育"
gamemgt.game_live_TEXT,"真人","Live","真人"
gamemgt.game_lottery_TEXT,"彩票","Lottery","彩票"
gamemgt.game_chess_TEXT,"棋牌","Arcade","棋牌"
gamemgt.game_electric_TEXT,"电子","Slot","电子"
gamemgt.game_fish_TEXT,"捕鱼","Fish","捕鱼"
opermgt_TEXT,"运营管理","Operation","运营管理"
nanomgt_TEXT,"纳米数据管理","Nano Data Management","纳米数据管理"
depmgt_TEXT,"出入款管理","Deposit & Withdrawal Management","出入款管理"
report_TEXT,"报表管理","Report","报表管理"
report.platformsummary,"数据统计","Statistics","数据统计"
report.gamereport,"游戏报表","Game Report","游戏报表"
report.gamereport_category,"游戏大类报表","Game Category Report","游戏大类报表"
report.gamereport_gamevendor,"游戏平台报表","Game Platform Report","游戏平台报表"
report.gamereport_bethistory,"投注记录","Bet Record","投注记录"
report.accreport,"帐号报表","Account Report","帐号报表"
report.accreport_withdrawdeposit,"帐号充提报表","Account Deposit Report","帐号充提报表"
report.accreport_transaction,"帐号帐变报表","Account Transaction Changes Report","帐号帐变报表"
report.agentreport,"代理統計報表","Agent Statistics Report","代理統計報表"
report.div,"月結方案","Monthly Program","月結方案"
report.div_setting,"月結分紅配置","Monthly Bonus Setting","月結分紅配置"
report.div_commissionplan,"方案列表","Program List","方案列表"
report.div_validmemberplan,"有效会员列表","Effective Member List","有效会员列表"
report.div_report,"月結分紅報表","Monthly Bonus Report","月結分紅報表"
report.stat680,"680数据统计","680 Statistics","680数据统计"
report.stat680_platform,"平台总数据","Platform Data Summary","平台总数据"
report.stat680_new,"新增留存统计","New Retention Statistics","新增留存统计"
report.stat680_deposit,"充值留存统计","Deposit Retention Statistics","充值留存统计"
report.stat680_firstdeposit,"首存留存统计","First Deposit Retention Statistics","首存留存统计"
report.stat680_firstdepositbet,"首充投注留存统计","First Deposit-Bet Retention Statistics","首充投注留存统计"
report.stat680_depositrepeat,"充值复存统计","Deposit-Repeat Withdrawal Statistics","充值复存统计"
report.stat680_newdepositrepeat,"新增充值复存统计","New Recharge Retention Statistics","新增充值复存统计"
report.stat680_giveaway,"平台赠送数据","Platform Bonus Statistics","平台赠送数据"
report.stat680_depositquery,"充值查询订单","Deposit Query Order ","充值查询订单"
report.stat680_specify,"指定用户留存查询","Designated User Retention Query","指定用户留存查询"
finance_TEXT,"财务管理","Finanical","财务管理"
finance.deposit,"充值管理","Deposit Management","充值管理"
finance.withdraw,"提款管理","Withdrawal Management","提款管理"
finance.depositchannel,"充值渠道管理","Deposit Channel Management","充值渠道管理"
finance.withdrawchannel,"提款渠道管理","Withdrawal Channel Management","提款渠道管理"
operation_TEXT,"运营管理","Operation","运营管理"
operation.advertisement,"广告管理","Advertisement Management","广告管理"
operation.promotion,"代理推广","Agent Promotion","代理推广"
operation.transfer,"并线与移转","Merge and Migration","并线与移转"
operation.announcement,"公告管理","Announcement Management","公告管理"
operation.announcementtag,"公告标签","Announcement Tag","公告标签"
operation.help,"帮助中心","Help Center","帮助中心"
operation.questionanswer,"常见问题","FAQs","常见问题"
moneymgt_TEXT,"资金管理","Fund Management","资金管理"
log_TEXT,"日志管理","Log","日志管理"
log.accountlogin,"登录日志","Login Log","登录日志"
log.accountregister,"注册日志","Registration Log","注册日志"
log.accountactivity,"操作日志","Operation Log","操作日志"
log.vendorapicall,"接口日志","Port Log","接口日志"
log.adminactivity,"管理员日志","Admin Log","管理员日志"
riskcontrol_TEXT,"风控管理","Risk","风控管理"
riskcontrol.warning,"预警列表","General Alert List","预警列表"
riskcontrol.warning_condition.second,"秒","second(s)","秒"
riskcontrol.warning_condition.minute,"分","minute(s)","分"
riskcontrol.warning_condition.hour,"时","hour(s)","时"
riskcontrol.warning_condition.day,"天","day(s)","天"
riskcontrol.warning_condition.AccountsLoginPerIpExceedsWithin,"$1 内，相同IP登录> $2 个账号","Within $1, same IP login > $2 account(s)","$1 内，相同IP登录> $2 个账号"
riskcontrol.warning_condition.AccountsLoginPerDeviceExceedsWithin,"$1 内，相同设备号登录 > $2 个账号","Within $1 , same device number > $2 account(s)","$1 内，相同设备号登录 > $2 个账号"
riskcontrol.warning_condition.AccountsRegisterPerIpExceedsWithin,"$1 内，相同IP注册 > $2 个账号","Within $1, same IP registration > $2 account(s)","$1 内，相同IP注册 > $2 个账号"
riskcontrol.warning_condition.AccountsRegisterPerDeviceExceedsWithin,"$1 内，相同设备号注册 > $2 个账号","Within $1, same device number registration > $2 account(s)","$1 内，相同设备号注册 > $2 个账号"
riskcontrol.warning_condition.IpsLoginsPerAccountExceedsWithin,"$1 内，单一账号被 > $2 个IP登录过","Within $1 , a single account has been logged in by > $2 IP(s)","$1 内，单一账号被 > $2 个IP登录过"
riskcontrol.warning_condition.DevicesLoginsPerAccountExceedsWithin,"$1 内，单一账号被 > $2 个设备号登录过","Within $1, a single account has been logged in by > $2 device number(s)","$1 内，单一账号被 > $2 个设备号登录过"
riskcontrol.warning_condition.BetRatioAndWinAmountExceeds,"赔率 > $1 倍且 中奖金额 > $2 元","Odds > $1 times and winning amount > $2","赔率 > $1 倍且 中奖金额 > $2 元"
riskcontrol.warning_condition.BetRatioOrWinAmountExceeds,"赔率 > $1 倍或 中奖金额 > $2 元","Odds > $1 times or winning amount > $2","赔率 > $1 倍或 中奖金额 > $2 元"
riskcontrol.warning_condition.TotalDepositWithdrawAmountRatioExceeds,"充提金额比例 > $1 %","Ratio of deposit/withdrawal amount > $1 %","充提金额比例 > $1 %"
riskcontrol.warning_condition.TotalDepositWithdrawCountRatioExceeds,"充提次数比例 > $1 倍","Ratio of deposit/withdrawal count > $1 times","充提次数比例 > $1 倍"
riskcontrol.warning_condition.TotalWithdrawDepositCountRatioExceeds,"提充次數比例超過 > $1 %","Ratio of withdrawal/deposit count > $1 %","提充次數比例超過 > $1 %"
riskcontrol.warning_condition.BetDepositRatioLowerThan,"流水比例 < $1 %","Actual bet amount ratio  < $1 %","流水比例 < $1 %"
riskcontrol.warning_condition.RebateAmountExceeds,"返水金额 > $1 元","Rebate amount > $1 ","返水金额 > $1 元"
riskcontrol.warning_condition.CensorAutopassCountExceedsWithin,"$1 秒内，系统自动过审 > $2 次","Within $1, system auto audit > $2 number of time(s)","$1 秒内，系统自动过审 > $2 次"
riskcontrol.warning_condition.TotalTransferCountExceeds,"转账次数 > $1 次","Number of Transfers > $1 number of time(s)","转账次数 > $1 次"
riskcontrol.warning_condition.FailedDepositCountExceedsWithin,"$1 内，充值不到账 > $2 次","Within $1, number of time(s) of Failure to Deposit > $2 ","$1 内，充值不到账 > $2 次"
riskcontrol.warning_condition.DepositAttemptNamesExceedsWithin,"$1 内，尝试使用 > $2 个姓名充值","Within $1 , attempted deposit > $2 names to deposit","$1 内，尝试使用 > $2 个姓名充值"
riskcontrol.warning_condition.ConsecutiveDepositCountAndAmountExceeds,"只充值不提款 > $1 次，且充值金额累积 > $2 元","Only deposit but not withdraw > $1 time(s), and the accumulated amount of deposit is > $2 ","只充值不提款 > $1 次，且充值金额累积 > $2 元"
riskcontrol.warning_condition.ConsecutiveWithdrawCountAndAmountExceeds,"只提款不充值超過 > $1 次，且提款金額累積達到 > $2 元","Only withdraw but not deposit > $2 time(s), and the accumulated amount of withdrawal is > $2 ","只提款不充值超過 > $1 次，且提款金額累積達到 > $2 元"
riskcontrol.warning_condition.TotalProfitAmountExceeds,"盈利金额 > $1 元","Profit amount > $1 ","盈利金额 > $1 元"
riskcontrol.warning_condition.WinPercentageExceedsWithin,"最近1个月中奖率 > $1 %","Winning rate in the last month > $1 %","最近1个月中奖率 > $1 %"
riskcontrol.warning_condition.WithdrawAmountExceeds,"单笔提现金额 > $1 元","Single withdrawal amount > $1 ","单笔提现金额 > $1 元"
riskcontrol.warning_condition.TotalWithdrawAmountExceeds,"历史总提现金额 > $1 元","Historical total withdrawal amount > $1 ","历史总提现金额 > $1 元"
riskcontrol.warning_condition.WithdrawAmountExceedsPerFrame,"当日总提现金额 > $1 元","Total withdrawal amount of the day > $1 ","当日总提现金额 > $1 元"
riskcontrol.warning_condition.TotalWithdrawDepositAmountRatioExceeds,"历史总提现金额 > 历史总充值金额的 $1 倍","Historical total withdrawal amount > $1 times of historical total deposit amount","历史总提现金额 > 历史总充值金额的 $1 倍"
riskcontrol.warning_condition.TotalWithdrawBetAmountRatioExceeds,"历史总提现金额 > 历史总投注金额的 $1 倍","Historical total withdrawal amount > $1 times of historical total bet amount","历史总提现金额 > 历史总投注金额的 $1 倍"
riskcontrol.warning_condition.WithdrawLastDepositAmountRatioExceeds,"单笔提现金额 > 最近一笔充值金额的 $1 倍","Single withdrawal amount > $1 times of the most recent deposit amount","单笔提现金额 > 最近一笔充值金额的 $1 倍"
riskcontrol.warning_condition.ConsecutiveBetOnSameBetTypeCountExceeds,"连续下注单一彩种或游戏的同一个盘口 > $1 次","Consecutive bets on a single lottery or game with the same handicap > $1 times","连续下注单一彩种或游戏的同一个盘口 > $1 次"
riskcontrol.warning_condition.SameIpSameGameBetCountExceeds,"相同IP登录的账号下注相同的彩种或游戏 > $1 次","Bet on the same lottery or game with the same IP account > $1 times","相同IP登录的账号下注相同的彩种或游戏 > $1 次"
riskcontrol.warning_condition.AverageBetAmountExceedsWithin,"最近24小时平均投注金额 > $1 元","Average bet amount in the last 24 hours > $1 ","最近24小时平均投注金额 > $1 元"
riskcontrol.warning_condition.BetOrWithdrawFromInactiveMember,"> $1 天未操作的用户进行投注或提现操作","Users who haven't bet or withdrawn for > $1 day(s)","> $1 天未操作的用户进行投注或提现操作"
riskcontrol.warning_condition.ProfitTopPerFrame,"今日盈利前 $1 名用户","Top $1 users with today's profit","今日盈利前 $1 名用户"
riskcontrol.warning_condition.ProfitTopWithin,"过去30天盈利前 $1 名用户","Top $1 users with profit in the last 30 days","过去30天盈利前 $1 名用户"
riskcontrol.warning_condition.WithdrawFromInsecureAccount,"提现前 >= $1 天内修改过密码、密保、安全密码、\n银行卡账号信息、收管地址信息(包含当日)","Users who have changed their passwords, PINs, security codes, bank account information, and shipping address information within >= $1 days before withdrawal (including the current day).","提现前 >= $1 天内修改过密码、密保、安全密码、\n银行卡账号信息、收管地址信息(包含当日)"
riskcontrol.warning_condition.WithdrawToDifferentName,"与上次提现的银行账号户名不一致","The account name of your bank account is not the same as the last time you withdrew","与上次提现的银行账号户名不一致"
riskcontrol.warning_condition.Frozen,"账号已被冻结","Account has been frozen","账号已被冻结"
riskcontrol.warning_condition.LoginRegisterDifferentLocation,"注册IP、登录IP的归属地均不相同","Registered IPs and logged in IPs have different destinations.","注册IP、登录IP的归属地均不相同"
riskcontrol.common,"通用","General","通用"
riskcontrol.game,"游戏","Game","游戏"
riskcontrol.accountfreeze,"冻结与解冻","Freeze & Unfreeze","冻结与解冻"
riskcontrol.withdrawapproval,"提款审核","Withdrawal Audit","提款审核"
riskcontrol.blacklist,"黑名单管理","Blacklist Management","黑名单管理"
riskcontrol.blacklist_blacklistip,"IP黑名单","IP Blacklist","IP黑名单"
riskcontrol.blacklist_blacklistdevice,"设备号黑名单","Device Number Blacklist","设备号黑名单"
riskcontrol.blacklist_blacklistbankaccount,"银行卡黑名单","Bank Card Number Blacklist","银行卡黑名单"
riskcontrol.blacklist_blacklistcryptowallet,"钱包地址黑名单","Wallet Address Blacklist","钱包地址黑名单"
riskcontrol.blacklist_blacklistgame,"游戏黑名单","Game Category Blacklist","游戏黑名单"
riskcontrol.blacklist_blacklistevent,"活动黑名单","Event Blacklist","活动黑名单"
riskcontrol.approval,"审核管理","Audit Management","审核管理"
riskcontrol.approval_manualdepositapproval,"人工充值","Manual Deposit","人工充值"
riskcontrol.approval_manualwithdrawapproval,"人工提款","Manual Withdrawal","人工提款"
riskcontrol.approval_manualtransferapproval,"人工转账","Manual Transfer","人工转账"
riskcontrol.approval_infochangeapproval,"修改基本信息","Modify Basic Information","修改基本信息"
riskcontrol.approval_eventbonusapproval,"活动奖金","Event Bonus","活动奖金"
riskcontrol.approval_monthlydividendapproval,"月结分红","Monthly Bonus","月结分红"
riskcontrol.blackliststatusenable,"已拉黑","Blacklisted","已拉黑"
riskcontrol.blackliststatusdisable,"正常","Normal","正常"
modal.notification,"提示","Notice","提示"
modal.tabelaction.batchstop,"是否批量停用【$1】？","Are you sure you want to batch disable【$1】？","是否批量停用【$1】？"
modal.tabelaction.batchdelete,"是否批量刪除 【$1】？","Are you sure you want to batch delete 【$1】？","是否批量刪除 【$1】？"
modal.validation.password,"必须为长度8-20内英文/数字/符号","Must contain 8-20 letters/ numbers/ symbols","必须为长度8-20内英文/数字/符号"
modal.validation.account,"必须为长度6-16内英文/数字，并以英文开头","Must contain 6-16 letters/numbers, and start with letter","必须为长度6-16内英文/数字，并以英文开头"
modal.validation.name,"必须为长度3以上中文英文/数字","Must contain at least 3 Chinese words/ English letters/ numbers","必须为长度3以上中文英文/数字"
modal.validation.name2,"必须为长度2以上中文英文/数字","Must contain at least 2 Chinese words/ English letters/ numbers","必须为长度2以上中文英文/数字"
modal.validation.remark,"必须为长度1-100内","Must contain within 1-100","必须为长度1-100内"
modal.validation.amount,"必须为长度1以上数字","Number must contain at least 1 characters long","必须为长度1以上数字"
modal.validation.url,"格式错误","Wrong Format","格式错误"
modal.validation.selectone,"请选择一项项目","Please select an item first","请选择一项项目"
modal.validation.selectoneormore,"请最少选择一项项目","Please select at least one item","请最少选择一项项目"
modal.validation.noempty,"输入项不能为空","It cannot be blank","输入项不能为空"
modal.validation.general,"请检查输入项","Please check for the input","请检查输入项"
modal.validation.wrongFilePath,"请上载图片","Please upload image","请上载图片"
modal.validation.mustBeGreaterThan,"必须为大於 {{value}} 数字","Must be a number greater than {{value}} ","必须为大於 {{value}} 数字"
modal.validation.mustBeSmallerThan,"必须为小於 {{value}} 数字","Must be a number smaller than {{value}} ","必须为小於 {{value}} 数字"
modal.validation.EQUAL0,"请检查输入项必须大于0","Please check for the number that must be greater than 0 ","请检查输入项必须大于0"
common.active,"启用","Enable","启用"
common.disable,"停用","Disable","停用"
common.bo,"后台","Backoffice","后台"
common.agentBO,"代理后台","Agent Backoffice","代理后台"
common.client,"客户端","Client Site","客户端"
common.fields.true,"启用","Enable","启用"
common.fields.false,"停用","Disable","停用"
common.fields.on,"启用","Enable","启用"
common.fields.off,"停用","Disable","停用"
common.fields.bo,"后台","Backoffice","后台"
common.fields.client,"客戶端","Client Site","客戶端"
common.fields.agentbo,"代理后台","Agent Backoffice","代理后台"
common.fields.Pending,"待处理","Pending For Processing","待处理"
common.fields.Handled,"已处理","Processed","已处理"
common.fields.Closed,"關閉","Off","關閉"
common.fields.FreezeNoLogin,"不可登录","Unable to Login","不可登录"
common.fields.FreezeNoTransaction,"资金冻结","Frozen Deposit","资金冻结"
common.fields.FreezeNoTransactionButBet,"只可投注","Bet Only","只可投注"
common.fields.Manual_Deposit,"人工充值","Manual Deposit","人工充值"
common.fields.Manual_Withdraw,"人工提现","Manual Withdrawal","人工提现"
common.fields.Manual_Giveaway,"贈送彩金","Manual Withdrawal","贈送彩金"
common.fields.Normal,"正常","Normal","正常"
common.fields.NoLogin,"不可登录","Unable to Login","不可登录"
common.fields.NoTransaction,"资金冻结","Frozen Deposit","资金冻结"
common.fields.NoTransactionButBet,"只可投注","Bet Only","只可投注"
permissions.read,"查看","View","查看"
permissions.view,"查看","View","查看"
permissions.create,"新增","Add","新增"
permissions.edit,"編輯","Edit","編輯"
permissions.full,"全部","All","全部"
permissions.delete,"刪除","Delete","刪除"
permissions.disable,"停用","Disable","停用"
permissions.enable,"啟用","Enable","啟用"
permissions.batchedit,"批量編輯","Batch Edit","批量編輯"
permissions.batchcreate,"批量新增","Batch Add","批量新增"
permissions.batchdisable,"批量停用","Batch Disable","批量停用"
permissions.batchenable,"批量啟用","Batch Enable","批量啟用"
permissions.batchdelete,"批量刪除","Batch Delete","批量刪除"
permissions.readpermission,"查看權限","Permissions","查看權限"
permissions.export,"導出","Export","導出"
permissions.resetpassword,"重置密碼","Reset Password","重置密碼"
permissions.kick,"一鍵踢線","Click to Forced Logout","一鍵踢線"
permissions.turnback,"一鍵轉回","Click to Revert","一鍵轉回"
permissions.editplatform,"分配平台","Assign Opt Site","分配平台"
permissions.editstatus,"编辑场馆","Edit Venue","编辑场馆"
permissions.readattachment,"查看憑證","Proof","查看憑證"
permissions.reject,"拒绝","Rejected","拒绝"
permissions.batchreject,"批量拒绝","Batch Reject","批量拒绝"
permissions.accept,"通过","Approved","通过"
permissions.batchaccept,"批量通过","Batch Approval","批量通过"
permissions.assignagent,"分配代理","Assign Agent","分配代理"
permissions.editinvitecode,"编辑邀请码","Edit Invitation Code","编辑邀请码"
permissions.listhistory,"編輯日誌","Edit Log","編輯日誌"
permissions.editagent,"分配代理","Assign Agent","分配代理"
permissions.editmember,"分配会员","Assign Member","分配会员"
permissions.approve,"人工審核","Manual Review","人工審核"
permissions.bank,"公司卡","Corporate Card","公司卡"
permissions.distributeagent,"分配代理","Assign Agent","分配代理"
permissions.distributemember,"分配会员","Assign Member","分配会员"
permissions.distributeplatform,"分配现合网","Assign Opt Site","分配现合网"
permissions.editchannel,"编辑渠道","Edit Channel","编辑渠道"
permissions.viewsetting,"查看参数","Parameter","查看参数"
permissions.editsetting,"编辑参数","Edit Parameter","编辑参数"
permissions.listtrigger,"查看触发","View Triggers","查看触发"
permissions.sendfinance,"派发","Release","派发"
permissions.sendrisk,"审核","Reviewing","审核"
country.AFG,"阿富汗","Afghanistan","阿富汗"
country.ALB,"阿尔巴尼亚","Albania","阿尔巴尼亚"
country.DZA,"阿尔及利亚","Algeria","阿尔及利亚"
country.AND,"安道尔","Andorra","安道尔"
country.AGO,"安哥拉","Angola","安哥拉"
country.ATG,"安提瓜和巴布达","Antigua and Barbuda","安提瓜和巴布达"
country.ARG,"阿根廷","Argentina","阿根廷"
country.ARM,"亚美尼亚","Armenia","亚美尼亚"
country.AUS,"澳大利亚","Australia","澳大利亚"
country.AUT,"奥地利","Austria","奥地利"
country.AZE,"阿塞拜疆","Azerbaijan","阿塞拜疆"
country.BHS,"巴哈马","Bahamas","巴哈马"
country.BHR,"巴林","Bahrain","巴林"
country.BGD,"孟加拉","Bangladesh","孟加拉"
country.BRB,"巴巴多斯","Barbados","巴巴多斯"
country.BLR,"白俄罗斯","Belarus","白俄罗斯"
country.BEL,"比利时","Belgium","比利时"
country.BLZ,"贝里斯","Belize","贝里斯"
country.BEN,"贝宁","Benin","贝宁"
country.BTN,"不丹","Bhutan","不丹"
country.BOL,"玻利维亚","Bolivia","玻利维亚"
country.BIH,"波斯尼亚和黑塞哥维那","Bosnia and Herzegovina","波斯尼亚和黑塞哥维那"
country.BWA,"博茨瓦纳","Botswana","博茨瓦纳"
country.BRA,"巴西","Brazil","巴西"
country.BRN,"汶莱","Brunei Darussalam","汶莱"
country.BGR,"保加利亚","Bulgaria","保加利亚"
country.BFA,"布基纳法索","The Burkina Faso","布基纳法索"
country.BDI,"布隆迪","Burundi","布隆迪"
country.CPV,"佛得角","Cabo Verde","佛得角"
country.KHM,"柬埔寨","Cambodia","柬埔寨"
country.CMR,"喀麦隆","Cameroo","喀麦隆"
country.CAN,"加拿大","Canada","加拿大"
country.CAF,"中非","Central African Republic","中非"
country.TCD,"乍得","Chad","乍得"
country.CHL,"智利","Chile","智利"
country.CHN,"中国","China","中国"
country.COL,"哥伦比亚","Colombia","哥伦比亚"
country.COM,"科摩罗","Comoros","科摩罗"
country.COG,"刚果（布拉萨）","Congo (Brazzaville)","刚果（布拉萨）"
country.COD,"刚果（金夏沙）","Congo (Kinshasa)","刚果（金夏沙）"
country.CRI,"哥斯达黎加","Costa Rica","哥斯达黎加"
country.CIV,"象牙海岸","Côte d'Ivoire","象牙海岸"
country.HRV,"克罗地亚","Croatia","克罗地亚"
country.CUB,"古巴","Cuba","古巴"
country.CYP,"塞浦路斯","Cyprus","塞浦路斯"
country.CZE,"捷克","Czech Republic","捷克"
country.DNK,"丹麦","Denmark","丹麦"
country.DJI,"吉布提","Djibouti","吉布提"
country.DMA,"多米尼克","Dominica","多米尼克"
country.DOM,"多明尼加","Dominican Republic","多明尼加"
country.ECU,"厄瓜多尔","Ecuador","厄瓜多尔"
country.EGY,"埃及","Egypt","埃及"
country.SLV,"萨尔瓦多","El Salvador","萨尔瓦多"
country.GNQ,"赤道几内亚","Equatorial Guinea","赤道几内亚"
country.ERI,"厄立特里亚","Eritrea","厄立特里亚"
country.EST,"爱沙尼亚","Estonia","爱沙尼亚"
country.SWZ,"史瓦济兰","Eswatini","史瓦济兰"
country.ETH,"埃塞俄比亚","Ethiopia","埃塞俄比亚"
country.FJI,"斐济","Fiji","斐济"
country.FIN,"芬兰","Finland","芬兰"
country.FRA,"法国","France","法国"
country.GAB,"加蓬","The Gabonese Republic","加蓬"
country.GMB,"冈比亚","Gambia","冈比亚"
country.GEO,"格鲁吉亚","Georgia","格鲁吉亚"
country.DEU,"德国","Germany","德国"
country.GHA,"加纳","Ghana","加纳"
country.GRC,"希腊","Greece","希腊"
country.GRD,"格林纳达","Grenada","格林纳达"
country.GTM,"危地马拉","Guatemala","危地马拉"
country.GIN,"几内亚","Guinea","几内亚"
country.GNB,"几内亚比绍","Guinea-Bissau","几内亚比绍"
country.GUY,"圭亚那","Guyana","圭亚那"
country.HTI,"海地","Haiti","海地"
country.HND,"洪都拉斯","Honduras","洪都拉斯"
country.HUN,"匈牙利","Hungary","匈牙利"
country.HKG,"香港","Hong Kong","香港"
country.ISL,"冰岛","Iceland","冰岛"
country.IND,"印度","India","印度"
country.IDN,"印度尼西亚","Indonesia","印度尼西亚"
country.IRN,"伊朗","Iran","伊朗"
country.IRQ,"伊拉克","Iraq","伊拉克"
country.IRL,"爱尔兰","Ireland","爱尔兰"
country.ISR,"以色列","Israel","以色列"
country.ITA,"义大利","Italy","义大利"
country.JAM,"牙买加","Jamaica","牙买加"
country.JPN,"日本","Japan","日本"
country.JOR,"约旦","Jordan","约旦"
country.KAZ,"哈萨克","Kazakhstan","哈萨克"
country.KEN,"肯尼亚","Kenya","肯尼亚"
country.KIR,"吉里巴斯","Kiribati","吉里巴斯"
country.PRK,"朝鲜","North Korea","朝鲜"
country.KOR,"南韩","South Korea","南韩"
country.KWT,"科威特","Kuwait","科威特"
country.KGZ,"吉尔吉斯","Kyrgyz Republic","吉尔吉斯"
country.LAO,"寮国","Laos","寮国"
country.LVA,"拉脱维亚","Latvia","拉脱维亚"
country.LBN,"黎巴嫩","Lebanon","黎巴嫩"
country.LSO,"莱索托","Lesotho","莱索托"
country.LBR,"利比里亚","Liberia","利比里亚"
country.LBY,"利比亚","Libya","利比亚"
country.LIE,"列支敦士登","Liechtenstein","列支敦士登"
country.LTU,"立陶宛","Lithuania","立陶宛"
country.LUX,"卢森堡","Luxembourg","卢森堡"
country.MKD,"马其顿","Macedonia","马其顿"
country.MDG,"马达加斯加","Madagascar(","马达加斯加"
country.MWI,"马拉维","Malawi","马拉维"
country.MYS,"马来西亚","Malaysia","马来西亚"
country.MDV,"马尔地夫","Maldives","马尔地夫"
country.MLI,"马里","Mali","马里"
country.MLT,"马尔他","Malta","马尔他"
country.MHL,"马绍尔群岛","Marshall Islands","马绍尔群岛"
country.MRT,"毛里塔尼亚","Mauritania","毛里塔尼亚"
country.MUS,"毛里求斯","Mauritius","毛里求斯"
country.MEX,"墨西哥","Mexico","墨西哥"
country.FSM,"密克罗尼西亚","The Federated States of Micronesia","密克罗尼西亚"
country.MCO,"摩纳哥","Monaco","摩纳哥"
country.MNG,"蒙古","Mongolia","蒙古"
country.MNE,"黑山","Montenegro","黑山"
country.MAR,"摩洛哥","Morocco","摩洛哥"
country.MOZ,"莫桑比克","Mozambique","莫桑比克"
country.MMR,"缅甸","Myanmar","缅甸"
country.NAM,"纳米比亚","Namibia","纳米比亚"
country.NRU,"瑙鲁","Nauru","瑙鲁"
country.NPL,"尼泊尔","Nepal","尼泊尔"
country.NLD,"荷兰","The Netherlands","荷兰"
country.NZL,"新西兰","New Zealand","新西兰"
country.NIC,"尼加拉瓜","Nicaragua","尼加拉瓜"
country.NER,"尼日","Niger","尼日"
country.NGA,"尼日利亚","Nigeria","尼日利亚"
country.NIU,"纽埃","Niue","纽埃"
country.NOR,"挪威","Norway","挪威"
country.OMN,"阿曼","Oman","阿曼"
country.PAK,"巴基斯坦","Pakistan","巴基斯坦"
country.PLW,"帛琉","Palau","帛琉"
country.PAN,"巴拿马","Panama","巴拿马"
country.PNG,"巴布亚新几内亚","Papua New Guinea","巴布亚新几内亚"
country.PRY,"巴拉圭","Paraguay","巴拉圭"
country.PER,"秘鲁","Peru","秘鲁"
country.PHL,"菲律宾","The Philippines","菲律宾"
country.POL,"波兰","Poland","波兰"
country.PRT,"葡萄牙","Portugal","葡萄牙"
country.QAT,"卡塔尔","Qatar","卡塔尔"
country.ROU,"罗马尼亚","Romania","罗马尼亚"
country.RUS,"俄罗斯","Russia","俄罗斯"
country.RWA,"卢旺达","Rwanda","卢旺达"
country.KNA,"圣基茨和尼维斯","Saint Kitts and Nevis","圣基茨和尼维斯"
country.LCA,"圣卢西亚","Saint Lucia","圣卢西亚"
country.VCT,"圣文森特和格林纳丁斯","Saint Vincent and the Grenadine","圣文森特和格林纳丁斯"
country.WSM,"萨摩亚","Independent State of Samoa","萨摩亚"
country.SMR,"圣马力诺","San Marino","圣马力诺"
country.STP,"圣多美和普林西比","São Tomé e Príncipe","圣多美和普林西比"
country.SAU,"沙特阿拉伯","Saudi Arabia","沙特阿拉伯"
country.SEN,"塞内加尔","Senegal","塞内加尔"
country.SRB,"塞尔维亚","Serbia","塞尔维亚"
country.SYC,"塞舌尔","Seychelles","塞舌尔"
country.SLE,"塞拉利昂","Sierra Leone","塞拉利昂"
country.SGP,"新加坡","Singapore","新加坡"
country.SVK,"斯洛伐克","Slovensko","斯洛伐克"
country.SVN,"斯洛维尼亚","Slovenia","斯洛维尼亚"
country.SLB,"所罗门群岛","Solomon Islands","所罗门群岛"
country.SOM,"索马里","Somalia","索马里"
country.ZAF,"南非","South Africa","南非"
country.SSD,"南苏丹","South Sudan","南苏丹"
country.ESP,"西班牙","Spain","西班牙"
country.LKA,"斯里兰卡","Sri Lanka","斯里兰卡"
country.SDN,"苏丹","Sudan","苏丹"
country.SUR,"苏里南","Suriname","苏里南"
country.SWE,"瑞典","Sweden","瑞典"
country.CHE,"瑞士","Switzerland","瑞士"
country.SYR,"叙利亚","Syria","叙利亚"
country.TJK,"塔吉克","Tajikistan","塔吉克"
country.TZA,"坦桑尼亚","Tanzania","坦桑尼亚"
country.THA,"泰国","Thailand","泰国"
country.TLS,"东帝汶","East Timor","东帝汶"
country.TGO,"多哥","Togo","多哥"
country.TON,"汤加","Tonga","汤加"
country.TTO,"特立尼达和多巴哥","Trinidad and Tobago","特立尼达和多巴哥"
country.TUN,"突尼斯","Tunisia","突尼斯"
country.TUR,"土耳其","Turkiye","土耳其"
country.TKM,"土库曼","Turkmenistan","土库曼"
country.TUV,"图瓦卢","Tuvalu","图瓦卢"
country.UGA,"乌干达","Uganda","乌干达"
country.UKR,"乌克兰","Ukraine","乌克兰"
country.ARE,"阿联酋","United Arab Emirates","阿联酋"
country.GBR,"英国","The United Kingdom","英国"
country.USA,"美国","The USA","美国"
country.URY,"乌拉圭","Uruguay","乌拉圭"
country.UZB,"乌兹别克","Uzbekistan","乌兹别克"
country.VUT,"瓦努阿图","Vanuatu","瓦努阿图"
country.VAT,"梵蒂冈","Vatican","梵蒂冈"
country.VEN,"委内瑞拉","Venezuela","委内瑞拉"
country.VNM,"越南","Vietnam","越南"
country.YEM,"也门","Yemen","也门"
country.ZMB,"赞比亚","Zambia","赞比亚"
country.ZWE,"辛巴威","Zimbabwe","辛巴威"
country.FRO,"法羅群島","Faroe Islands","法羅群島"
country.GIB,"直布羅陀","Gibraltar","直布羅陀"
country.SJM,"斯瓦爾巴和揚馬延","Svalbard and Jan Mayen Islands","斯瓦爾巴和揚馬延"
country.ROM,"羅馬尼亞","Romania","羅馬尼亞"
country.MDA,"摩爾多瓦","Moldova","摩爾多瓦"
country.CXR,"聖誕島","Christmas Island","聖誕島"
country.CCK,"科克斯群島","Cocos (Keeling) Islands","科克斯群島"
country.TWN,"台灣","Taiwan","台灣"
country.AIA,"安圭拉","Anguilla","安圭拉"
country.ABW,"阿魯巴","Aruba","阿魯巴"
country.BMU,"百慕達","Bermuda","百慕達"
country.VGB,"英屬維爾京群島","The British Virgin Islands","英屬維爾京群島"
country.CYM,"開曼群島","The Cayman Islands","開曼群島"
country.FLK,"福克蘭群島","Falkland Islands","福克蘭群島"
country.GUF,"法屬圭亞那","Guyane française","法屬圭亞那"
country.GRL,"格陵蘭","Greenland","格陵蘭"
country.GLP,"瓜德羅普","Ary Chalus","瓜德羅普"
country.MTQ,"馬提尼克","Martinique","馬提尼克"
country.MSR,"蒙特塞拉特","Montserrat","蒙特塞拉特"
country.ANT,"荷屬安地列斯","Netherlands Antilles","荷屬安地列斯"
country.SPM,"聖皮埃爾和密克隆","Saint Pierre et Miquelon","聖皮埃爾和密克隆"
country.PRI,"波多黎各","Puerto Rico","波多黎各"
country.TCA,"特克斯和凱科斯群島","Turks and Caicos Islands","特克斯和凱科斯群島"
country.VIR,"美屬維爾京群島","United States Virgin Islands","美屬維爾京群島"
country.WTF,"沃里斯和富圖納","Wallis and Futuna Islands","沃里斯和富圖納"
country.REU,"留尼汪","Reunion Island","留尼汪"
country.ESH,"西撒哈拉","Western Sahara","西撒哈拉"
country.ZAR,"南非","South Africa","南非"
country.ZWB,"辛巴威","Zimbabwe","辛巴威"
fieldname.platformID,"现合网名称","Opt Site","现合网名称"
fieldname.state,"在线状态","Online Status","在线状态"
fieldname.accountVipID,"VIP等级","VIP Level","VIP等级"
fieldname.accountGroupID,"账号层级","VIP Level","账号层级"
fieldname.accountType,"账号类型","Account Type","账号类型"
fieldname.createdAt,"注册时间","Registration Time","注册时间"
fieldname.createdAtFrom,"注册时间由","Registration Start Time","注册时间由"
fieldname.createdAtTo,"注册时间至","Registration End Time","注册时间至"
fieldname.lastLoginTime,"最后登录时间","Last Registration Time","最后登录时间"
fieldname.lastLoginTimeFrom,"最后登录时间由","Last Registration Start Time","最后登录时间由"
fieldname.lastLoginTimeTo,"最后登录时间至","Last Registration End Time","最后登录时间至"
fieldname.topAgentID,"一级代理","Primary Level Agent","一级代理"
fieldname.agentID,"上级代理","Superior Agent","上级代理"
fieldname.topAgentName,"一级代理","Primary Level Agent","一级代理"
fieldname.agentName,"上级代理","Superior Agent","上级代理"
fieldname.account,"账号编号","Account ID","账号编号"
fieldname.dateRange,"日期","Date","日期"
fieldname.gameCategories,"游戏大类","Game Category","游戏大类"
fieldname.gameVendors,"前台显示名称","Platform Display Name","前台显示名称"
fieldname.accountWinLossAmount,"会员总盈亏","Member's Total Profit/Loss","会员总盈亏"
fieldname.betAmount,"会员总投注流水","Member's Total Actual Bet Amount","会员总投注流水"
fieldname.betCount,"会员投注笔数","No. of Bets Placed By Member","会员投注笔数"
fieldname.bettorCount,"会员投注人数","No. of Members has bet","会员投注人数"
fieldname.companyWinLossAmount,"公司总盈亏","Total Company Profit/Loss","公司总盈亏"
fieldname.rebateAmount,"会员总返水金额","Member's Total Rebate Amount","会员总返水金额"
fieldname.validBetAmount,"会员总有效流水","Member's Total Valid Actual Bet Amount","会员总有效流水"
fieldname.inviterCode,"邀请码/推广码","Invitation Code","邀请码/推广码"
fieldname.operation,"操作","Actions","操作"
fieldname.betDetail,"投注详情","Bet Details","投注详情"
fieldname.platform,"現合網名稱","Opt Site","現合網名稱"
fieldname.onlineDeposit,"在线充值","Online Deposit","在线充值"
fieldname.manualDeposit,"人工充值","Manual Deposit","人工充值"
fieldname.firstDeposit,"首次充值","First Time Deposit","首次充值"
fieldname.onlineWithdraw,"账号提现","Account Withdrawal","账号提现"
fieldname.manualWithdraw,"人工提现","Manual Withdrawal","人工提现"
fieldname.firstWithdraw,"首次提现","First Time Withdrawal","首次提现"
fieldname.withdrawFee,"提现手续费","Withdrawal Fee","提现手续费"
fieldname.totalDeposit,"充值总额","Total Deposit Amount","充值总额"
fieldname.totalWithdraw,"提现总额","Total Withdrawal Amount","提现总额"
fieldname.totalDiff,"充提差额","Deposit-Withdrawal Difference","充提差额"
fieldname.depositwithdrawsummary,"充提汇总","Deposit Summary","充提汇总"
fieldname.deposit,"充值","Deposits","充值"
fieldname.withdraw,"提現","Withdrawals","提現"
fieldname.permission,"權限","Permissions","權限"
fieldname.topAgent,"一级代理","Primary Level Agent","一级代理"
fieldname.parentAgent,"上级代理","Superior Agent","上级代理"
fieldname.betSlipNumber,"注单编号","Order No.","注单编号"
fieldname.betCode,"投注单号","Order Number","投注单号"
fieldname.gameCategory,"游戏大类","Game Category","游戏大类"
fieldname.gameVendorName,"前台显示名称","Platform Display Name","前台显示名称"
fieldname.gameName,"游戏名称","Game Name","游戏名称"
fieldname.betInfo,"投注项","Bets","投注项"
fieldname.odds,"赔率","Odds","赔率"
fieldname.betAmount1,"投注金额","Bet Amount","投注金额"
fieldname.validBetAmount1,"有效投注金额","Actual Bet Amount","有效投注金额"
fieldname.winloss,"会员盈亏","Member's Profit/Loss","会员盈亏"
fieldname.payout,"派彩金额","Payout Amount","派彩金额"
fieldname.betResult,"投注结果","Bet Result","投注结果"
fieldname.betStatus,"订单状态","Order Status","订单状态"
fieldname.betTime,"投注時間","Bet Time","投注時間"
fieldname.betTimeFrom,"投注時間由","Bet Start Time","投注時間由"
fieldname.betTimeTo,"投注時間至","Bet End Time","投注時間至"
fieldname.payoutTime,"結算時間","Settlement Time","結算時間"
fieldname.payoutTimeFrom,"結算時間由","Settlement Start Time","結算時間由"
fieldname.payoutTimeTo,"結算時間至","Settlement End Time","結算時間至"
fieldname.month,"统计月份","Month","统计月份"
fieldname.level,"代理层级","Agent Level","代理层级"
fieldname.commissionPlanID,"佣金方案ID","Commission Program ID","佣金方案ID"
fieldname.commissionPlanName,"佣金方案类型","Commission Program Type","佣金方案类型"
fieldname.validMemberPlanID,"有效会员方案ID","Effective Member Program ID","有效会员方案ID"
fieldname.validMemberPlanName,"有效会员方案类型","Effective Member Program Type","有效会员方案类型"
fieldname.memberWinLossAmount,"会员总盈亏","Member's Total Profit/Loss","会员总盈亏"
fieldname.registerMemberCount,"注册人数","No. of Registered Members","注册人数"
fieldname.firstDepositCount,"首存人数","No. of User Has First Deposit","首存人数"
fieldname.secondDepositCount,"二存人数","No. of User Has Second Deposit","二存人数"
fieldname.totalDepositAmount,"会员总充值金额","Member's Total Deposit Amount","会员总充值金额"
fieldname.commissionPlanAchieved,"是否达成佣金方案","Achievement of Commission Program","是否达成佣金方案"
fieldname.validMemberPlanAchieved,"是否达成有效会员方案","Achievement of Effective Member Program","是否达成有效会员方案"
fieldname.betRebateRatio,"流水返利比例","Actual Bet Rebate Ratio","流水返利比例"
fieldname.betRebateAmount,"流水返利金额","Actual Bet Rebate Amount","流水返利金额"
fieldname.negativeProfitRebateRatio,"负盈利返利比例","Negative Profit/Rebate Ratio","负盈利返利比例"
fieldname.negativeProfitRebateAmount,"负盈利返利金额","Negative Profit/Rebate Amount","负盈利返利金额"
fieldname.subAgentCommissionAmount,"下级代理抽佣金额","Commission Amount For Lower Level Agents","下级代理抽佣金额"
fieldname.monthlyDividendAmount,"月结分红金额","Monthly Dividend Amount","月结分红金额"
fieldname.status,"状态","Status","状态"
fieldname.timeFrameID,"日期","Date","日期"
fieldname.carouselId,"轮播图编号","Carousel No.","轮播图编号"
fieldname.title,"标题","Title","标题"
fieldname.displayPage,"显示页面","Display Page","显示页面"
fieldname.eventTitle,"活动标题","Event Title","活动标题"
fieldname.eventOrder,"活动排序","Event Sort By","活动排序"
fieldname.eventTime,"展示時間","Show Time","展示時間"
fieldname.eventAt,"展示日期","Show Date","展示日期"
fieldname.redirect,"跳转链接","Redirect URL","跳转链接"
fieldname.webHomeCarousel,"Web端首页轮播图开关","Web Home Page Carousel On/Off","Web端首页轮播图开关"
fieldname.webHomeCarouselImage,"Web端首页轮播图","Web Home Page Carousel","Web端首页轮播图"
fieldname.mobileHomeCarousel,"移动端首页轮播图开关","Mobile Home Page Carousel On/Off","移动端首页轮播图开关"
fieldname.mobileHomeCarouselImage,"移动端首页轮播图","Mobile Home Page Carousel","移动端首页轮播图"
fieldname.webLobbyCarousel,"Web端活动大厅轮播图开关","Web Lobby Carousel","Web端活动大厅轮播图开关"
fieldname.webLobbyCarouselImage,"Web端活动大厅轮播图","Web Lobby Carousel On/Off","Web端活动大厅轮播图"
fieldname.mobileLobbyCarousel,"移动端活动大厅轮播图开关","Mobile Lobby Carousel","移动端活动大厅轮播图开关"
fieldname.mobileLobbyCarouselImage,"移动端活动大厅轮播图","Mobile Lobby Carousel On/Off","移动端活动大厅轮播图"
fieldname.webVipCarousel,"Web端VIP页轮播图开关","Web VIP Page Carousel On/Off","Web端VIP页轮播图开关"
fieldname.mobileVipCarousel,"移动端VIP页轮播图开关","Mobile VIP Page Carousel On/Off","移动端VIP页轮播图开关"
fieldname.webHomePopup,"Web端首页弹窗图开关","Web Home Page Popup On/Off","Web端首页弹窗图开关"
fieldname.mobileHomePopup,"移动端首页弹窗图开关","Mobile Home Page Popup On/Off","移动端首页弹窗图开关"
fieldname.webLobbyPopup,"Web端活动大厅弹窗图开关","Web Lobby Popup On/Off","Web端活动大厅弹窗图开关"
fieldname.mobileLobbyPopup,"移动端活动大厅弹窗图开关","Mobile Lobby Popup On/Off","移动端活动大厅弹窗图开关"
fieldname.webVipPopup,"Web端VIP页弹窗图开关","Web VIP Page Popup On/Off","Web端VIP页弹窗图开关"
fieldname.mobileVipPopup,"移动端VIP页弹窗图开关","Mobile VIP Page Popup On/Off","移动端VIP页弹窗图开关"
fieldname.webPopupImage,"Web端弹窗图","Web Popup","Web端弹窗图"
fieldname.mobilePopupImage,"移动端弹窗图","Mobile Popup","移动端弹窗图"
fieldname.imageStatus,"轮播图与弹窗图状态：","Carousel and Popup Status","轮播图与弹窗图状态："
fieldname.defaultStop,"默认停用","Disable By Default","默认停用"
fieldname.accountGroupIDLimit,"限制账号层级查看","Restricted Account Level View","限制账号层级查看"
fieldname.accountVipIDLimit,"限制VIP等级查看","Restrict VIP Level View","限制VIP等级查看"
fieldname.operation_adv_status,"轮播图与弹窗图状态","Carousel and Popup Status","轮播图与弹窗图状态"
fieldname.order,"排序","Sort By","排序"
fieldname.start,"展示起始时间","Show Start Time","展示起始时间"
fieldname.end,"展示结束时间","Show End Time","展示结束时间"
fieldname.remark,"操作备注","Remarks","操作备注"
fieldname.updatedBy,"操作人","Modified By","操作人"
fieldname.updatedAt,"操作时间","Modified Time","操作时间"
fieldname.id,"编号","No.","编号"
fieldname.link,"跳转链接","Redirect URL","跳转链接"
fieldname.betCat,"投注类","Betting","投注类"
fieldname.depositCat,"充值类","Deposits","充值类"
fieldname.withdrawCat,"提款类","Withdrawals","提款类"
fieldname.bounsCat,"彩金类","Winnings","彩金类"
fieldname.sumBetCount,"会员投注人数","No. of Members has bet","会员投注人数"
fieldname.sumBetAmount,"会员总投注流水","Member's Total Actual Bet Amount","会员总投注流水"
fieldname.sumValidBetAmount,"会员总有效流水","Member's Total Valid Actual Bet Amount","会员总有效流水"
fieldname.sumRebateAmount,"会员总返水金额","Member's Total Rebate Amount","会员总返水金额"
fieldname.sumPayout,"会员总派彩金额","Member's Total Giveaway Bonus","会员总派彩金额"
fieldname.sumWinloss,"会员总盈亏","Member's Total Profit/Loss","会员总盈亏"
fieldname.depositCount,"会员充值人数","No. of Members Deposited","会员充值人数"
fieldname.sDepositCount,"充值人数","No. of Deposited Account","充值人数"
fieldname.queryDepositCount,"平台充值订单提交人数","No. of Platform Deposit Order Submission Account","平台充值订单提交人数"
fieldname.sumTotalDeposit,"会员总充值","Total Member Deposit Amount","会员总充值"
fieldname.sumOnlineDeposit,"会员在线支付","Member Online Payment Amount","会员在线支付"
fieldname.sumManualDeposit,"会员人工充值","Member Manual Deposit Amount","会员人工充值"
fieldname.sumFirstDeposit,"会员首次充值","Member First Deposit Amount","会员首次充值"
fieldname.secondDeposit,"会员二次充值","Member Second Deposit Amount","会员二次充值"
fieldname.cryptoDeposit,"会员虚拟币充值","Member Virtual Currency Deposit Amount","会员虚拟币充值"
fieldname.withdrawCount,"会员提款人数","No. of Members Withdrew","会员提款人数"
fieldname.sumTotalWithdraw,"会员总提款","Total Member Withdrawal Amount","会员总提款"
fieldname.sumOnlineWithdraw,"会员提现","Member Withdrawal Amount","会员提现"
fieldname.sumManualWithdraw,"会员人工提现","Member Manual Withdrawal Amount","会员人工提现"
fieldname.sumFirstWithdraw,"会员首次提现","Member First Withdrawal Amount","会员首次提现"
fieldname.cryptoWithdraw,"会员虚拟币提现","Member Virtual Currency Withdrawal Amount","会员虚拟币提现"
fieldname.sumWithdrawFee,"会员手续费","Member Handling Fee","会员手续费"
fieldname.bonusCount,"领取会员人数","No. of Members Collected Payouts","领取会员人数"
fieldname.totalBonus,"会员总彩金","Member's Total Giveaway Bonus","会员总彩金"
fieldname.vIPBonus,"会员VIP彩金","VIP Giveaway Bonus","会员VIP彩金"
fieldname.eventBonus,"会员活动彩金","Member Event Giveaway Bonus","会员活动彩金"
fieldname.giveawayBonus,"会员赠送彩金","Member Giveaway Bonus","会员赠送彩金"
fieldname.winlossAmount,"公司净输赢","Company Net Win/Lost","公司净输赢"
fieldname.gameWinloseAmount,"公司游戏输赢","Company Game Win/Lost","公司游戏输赢"
fieldname.ovRebateAmount,"会员返水","Member's Rebate","会员返水"
fieldname.bonusAmount,"会员全部彩金","Member's Total Winnings","会员全部彩金"
fieldname.depositWithdraw,"会员(总充值-总提款)","Members' (Total Deposit - Total Withdrawal)","会员(总充值-总提款)"
fieldname.ovFirstDepositCount,"会员首存人数","No. of Member Has First Deposit","会员首存人数"
fieldname.registerCount,"会员注册人数","No. of Registered Members","会员注册人数"
fieldname.loginCount,"会员登录人数","No. of Login Member","会员登录人数"
fieldname.validMemberCount,"有效会员人数","No. of Active Members","有效会员人数"
fieldname.levelLimit,"层级限制","Level Limit","层级限制"
fieldname.commissionRate,"代理分红","Agent Bonus","代理分红"
fieldname.downlineCommissionLayer1Rate,"下一层抽佣","Next Level of Commission","下一层抽佣"
fieldname.downlineCommissionLayer2Rate,"下二层抽佣","Lower Level 2 of Commission","下二层抽佣"
fieldname.downlineCommissionLayer3Rate,"下三层抽佣","Lower Level 3 of Commission","下三层抽佣"
fieldname.referCodeLength,"推广码字符","Promotion Code Characters","推广码字符"
fieldname.loginID,"登录编号","Registration Number","登录编号"
fieldname.accountID,"登录账号","Login Account","登录账号"
fieldname.deviceID,"设备号","Device No.","设备号"
fieldname.deviceType,"设备端口","Device Port","设备端口"
fieldname.loginIp,"登录IP","Login IP","登录IP"
fieldname.geoLocation,"IP归属地","IP Location","IP归属地"
fieldname.domain,"来源域名","Source Domain","来源域名"
fieldname.promoCode,"推广码","Promotion Code","推广码"
fieldname.loginTime,"登录时间","Login Time","登录时间"
fieldname.registerID,"注册编号","Registration No.","注册编号"
fieldname.registerIp,"注册IP","Registration IP","注册IP"
fieldname.registerTime,"注册时间","Registration Time","注册时间"
fieldname.activityID,"操作编号","Operation No.","操作编号"
fieldname.activityIp,"操作IP","Operation IP","操作IP"
fieldname.activityTime,"操作时间","Modified Time","操作时间"
fieldname.originType,"日志用户","Log User","日志用户"
fieldname.requestTime,"请求时间","Request Time","请求时间"
fieldname.responseTime,"返回時間","Return Time","返回時間"
fieldname.logTitle,"日志标题","Log Title","日志标题"
fieldname.logMsg,"日志信息","Log Message","日志信息"
fieldname.adminID,"管理员账号","Log Message","管理员账号"
fieldname.groupName,"组别名称","Group Name","组别名称"
fieldname.apiTime,"API往返时间","API Transfer Time","API往返时间"
fieldname.moduleTitle,"模块标题","Module Title","模块标题"
fieldname.attachment,"上传凭证","Upload Proof","上传凭证"
fieldname.content,"内容","Content","内容"
fieldname.detail,"详情","Details","详情"
fieldname.name,"管理员账号","Admin Account","管理员账号"
fieldname.platformName,"现合网名称","Opt Site","现合网名称"
fieldname.announcementID,"公告编号","Announcement No.","公告编号"
fieldname.announcementTag,"公告标签","Announcement Tag","公告标签"
fieldname.announcementTitle,"公告标题","Announcement Title","公告标题"
fieldname.announcementcontent,"公告内容","Announcement Content","公告内容"
fieldname.announcementStatus,"公告状态","Announcement Status","公告状态"
fieldname.targetClient,"显示端口","Display Port","显示端口"
fieldname.announcementStartTime,"公告起始时间","Announcement Start Time","公告起始时间"
fieldname.announcementEndTime,"公告结束时间","Announcement End Time","公告结束时间"
fieldname.announcementTime,"公告时间","Announcement Time","公告时间"
fieldname.announcementTagOrder,"公告标签排序","Announcement Tag Sort By","公告标签排序"
fieldname.announcementTagstatus,"公告标签状态","Announcement Tag Status","公告标签状态"
fieldname.transferAccounts,"移转的账号","Migrated Account","移转的账号"
fieldname.transferTo,"移转到哪里","Migrate To","移转到哪里"
fieldname.delete,"删除","Delete","删除"
fieldname.batchEnable,"批量启用","Batch Enable","批量启用"
fieldname.batchDisable,"批量停用","Batch Disable","批量停用"
fieldname.batchDelete,"批量删除","Batch Delete","批量删除"
fieldname.username,"管理员账号","Admin Account","管理员账号"
fieldname.firstLevelID,"一级账号","Primary Level Account","一级账号"
fieldname.parentID,"上级账号","Superior Account","上级账号"
fieldname.export,"导出","Export","导出"
fieldname.gamereport_category,"游戏大类报表","Game Category Report","游戏大类报表"
fieldname.gamereport_gamevendor,"游戏平台报表","Game Platform Report","游戏平台报表"
fieldname.gamereport_bethistory,"投注记录","Bet Record","投注记录"
fieldname.downlineCommissionLayer4Rate,"下四层抽佣","Lower Level 4 of Commission","下四层抽佣"
fieldname.downlineCommissionLayer5Rate,"下五层抽佣","Lower Level 5 of Commission","下五层抽佣"
fieldname.gamereportCategory,"游戏大类报表","Game Category Report","游戏大类报表"
fieldname.gamereportGamevendor,"游戏平台报表","Game Platform Report","游戏平台报表"
fieldname.gamereportBethistory,"投注记录","Bet Record","投注记录"
fieldname.platformsummary,"数据统计","Statistics","数据统计"
fieldname.gamereport,"游戏报表","Game Report","游戏报表"
fieldname.accreportWithdrawdeposit,"帐号充提报表","Account Deposit Report","帐号充提报表"
fieldname.accreportTransaction,"帐号帐变报表","Account Transaction Changes Report","帐号帐变报表"
fieldname.agentreport,"代理統計報表","Agent Statistics Report","代理統計報表"
fieldname.divSetting,"月結分紅配置","Monthly Bonus Setting","月結分紅配置"
fieldname.divReport,"月結分紅報表","Monthly Bonus Report","月結分紅報表"
fieldname.gameVendorCodes,"前台顯示名稱","Platform Display Name","前台顯示名稱"
fieldname.agentAcc,"代理账号","Agent Account","代理账号"
fieldname.allTeam,"全部团队","Whole Team","全部团队"
fieldname.lineTeam,"直属团队","Direct Team","直属团队"
fieldname.agentLevel,"代理层级","Agent Level","代理层级"
fieldname.registerAgentCount,"新注册代理数","No. of New Registered Agents","新注册代理数"
fieldname.depositAmount,"充值金额","Deposit Amount","充值金额"
fieldname.queryDepositAmount,"平台成功充值金额","Platform Successful Deposit Amount","平台成功充值金额"
fieldname.transactionType,"账变类型","Transaction Type","账变类型"
fieldname.transactionID,"订单号","Order Number","订单号"
fieldname.transactionStatus,"交易状态","Transaction Status","交易状态"
fieldname.beforeBalance,"账变前余额","Balance Before Change","账变前余额"
fieldname.income,"收入","Income","收入"
fieldname.expense,"支出","Expense","支出"
fieldname.afterBalance,"账变后余额","Balance After Change","账变后余额"
fieldname.companyCount,"团队人数","No. of Team Members","团队人数"
fieldname.firstDepositAmount,"首存金额","First Deposit Amount","首存金额"
fieldname.withdrawAmount,"提现金额","Withdrawal Amount","提现金额"
fieldname.sWithdrawCount,"提现人数","No. of Withdrew Account","提现人数"
fieldname.withdrawBonusCount,"领取彩金人数","No. of User Who Have Collected Payouts","领取彩金人数"
fieldname.withdrawBonusAmount,"领取彩金金额","Amount of User Collected Payouts","领取彩金金额"
fieldname.sBetCount,"投注人数","No. of Bet Account","投注人数"
fieldname.companyWinLoss,"公司盈亏","Company Total Profit/Loss Amount","公司盈亏"
fieldname.locations,"地区","Region","地区"
fieldname.accessTypes,"加白类型","Types of White List","加白类型"
fieldname.usernames,"会员账号","Member Account","会员账号"
fieldname.agentUsername,"上级代理","Superior Agent","上级代理"
fieldname.topAgentUsername,"一级代理","Primary Level Agent","一级代理"
fieldname.blacklistEvent,"拉黑活动类型","Blacklist Type","拉黑活动类型"
fieldname.freezeStatus,"冻结状态","Freezing Status","冻结状态"
fieldname.commissionPlanType,"方案类型","Program Type","方案类型"
fieldname.bankAccount,"银行卡号","Bank Card Number","银行卡号"
fieldname.bank,"开户行","Bank","开户行"
fieldname.walletAddress,"钱包地址","Wallet Address","钱包地址"
fieldname.standard,"协议类型","Agreement Type","协议类型"
fieldname.blacklistGameCategory,"拉黑大类","Blacklist Category","拉黑大类"
fieldname.blacklistIP,"IP地址","IP Address","IP地址"
fieldname.memberProfit,"会员盈亏","Member's Profit/Loss","会员盈亏"
fieldname.companyProfit,"公司盈亏","Company Total Profit/Loss Amount","公司盈亏"
fieldname.commissionPlanList,"佣金方案列表","Commission Program Type","佣金方案列表"
fieldname.validMemberPlanList,"有效会员方案","Effective Member Program","有效会员方案"
fieldname.batchCreateAgent,"批量新增代理","Batch Add Agent","批量新增代理"
fieldname.createAgent,"新增代理","Add Agent","新增代理"
fieldname.batchEdit,"批量编辑","Batch Edit","批量编辑"
fieldname.approvedAt,"审核时间","Reviewing Time","审核时间"
fieldname.channelID,"充值渠道","Deposit Channel ID","充值渠道"
fieldname.channelFrontName,"充值渠道","Deposit Channel Name","充值渠道"
fieldname.amount,"发起金额","Starting Amount","发起金额"
fieldname.fee,"现合网手续费","Opt Site Handling Fee","现合网手续费"
fieldname.receiving,"到账金额","Settlement Amount","到账金额"
fieldname.accountName,"姓名","Name","姓名"
fieldname.device,"设备端口","Device Port","设备端口"
fieldname.approvalRemark,"附言","Comments","附言"
fieldname.failReason,"失败原因","Reason for Failure","失败原因"
fieldname.financeBy,"操作人","Modified By","操作人"
fieldname.frontName,"前台显示名称","Platform Display Name","前台显示名称"
fieldname.code,"充值渠道代码","Deposit Channel Code","充值渠道代码"
fieldname.sort,"排序","Sort By","排序"
fieldname.amountlimit,"单笔限额","Single Limit","单笔限额"
fieldname.value,"快捷金额","Speedy Amount","快捷金额"
fieldname.handlingFee,"现合网手续费","Opt Site Handling Fee","现合网手续费"
fieldname.vendorFee,"三方手续费","Three-party Handling Fee","三方手续费"
fieldname.countLimit,"充值次数限制","Deposit Limit","充值次数限制"
fieldname.balanceLimit,"账户余额限制","Account Balance Limit","账户余额限制"
fieldname.assignagent,"分配代理","Assign Agent","分配代理"
fieldname.assignmember,"分配會員","Assign Member","分配會員"
fieldname.upgrade_profit,"升级礼金","Upgrading Reward","升级礼金"
fieldname.birthday_profit,"生日礼金","Birthday Bonus","生日礼金"
fieldname.weekly_profit,"每周礼金","Weekly Bonus","每周礼金"
fieldname.monthly_profit,"每月礼金","Monthly Bonus","每月礼金"
fieldname.attendance_profit,"签到礼金","Attendance Bonus","签到礼金"
fieldname.manaul_giveaway,"贈送彩金","Giveaway Bonus","贈送彩金"
fieldname.sport_rebate,"体育返水","Sports Rebate","体育返水"
fieldname.real_rebate,"真人返水","Live Rebate","真人返水"
fieldname.lottery_rebate,"彩票返水","Lottery Rebate","彩票返水"
fieldname.chess_rebate,"棋牌返水","Arcade Rebate","棋牌返水"
fieldname.electronic_rebate,"电子返水","Slot Rebate","电子返水"
fieldname.fish_rebate,"捕鱼返水","Fish Rebate","捕鱼返水"
fieldname.totalAccount,"会员资格账号数","No. of Eligible Member Account","会员资格账号数"
fieldname.totalAmount,"会员总派发金额","No. of Eligible Member Account","会员总派发金额"
fieldname.profitUpdatedAt,"派发时间","Dispatch Date","派发时间"
fieldname.profitType,"VIP福利类型","VIP Benefit Type","VIP福利类型"
fieldname.platformSummaryHint,"此报表以公司视角呈现，正数表示公司盈利。","This report is presented from the company's perspective. A positive number indicates that the company is in profit.","此报表以公司视角呈现，正数表示公司盈利。"
fieldname.warningID,"预警编号","Alert Number","预警编号"
fieldname.conditionType,"条件内容","Alert Condition","条件内容"
fieldname.startTime,"起始时间","Show Start Time","起始时间"
fieldname.endTime,"结束时间","Show End Time","结束时间"
fieldname.upgradeAmountNeeded,"升级打码量","Return to Member for Upgrading","升级打码量"
fieldname.maintainceAmountNeeded,"保级打码量","Return to Member for Maintaining Grade","保级打码量"
fieldname.frontDisplay,"前台显示","Platform Display Name","前台显示"
fieldname.firstTriggeredAt,"触发时间","Trigger Time","触发时间"
fieldname.handledAt,"处理时间","Processing Time","处理时间"
fieldname.triggerCount,"触发数量","No. of Triggers","触发数量"
fieldname.newCount,"当天新增人数","No. of New Registration Account on Current Day","当天新增人数"
fieldname.newBindPhoneCount,"新增注册绑定人数","No. of New Bundled Registration Account","新增注册绑定人数"
fieldname.newConversionRate,"新增转化率","New Conversion Rate","新增转化率"
fieldname.loginFor2DaysCount,"次日留存","Next Day Retention","次日留存"
fieldname.loginFor3DaysCount,"3日留存","3 Days Retention","3日留存"
fieldname.loginFor7DaysCount,"7日留存","7 Days Retention","7日留存"
fieldname.loginFor15DaysCount,"15日留存","15 Days Retention","15日留存"
fieldname.loginFor30DaysCount,"30日留存","30 Days Retention","30日留存"
fieldname.depositTotalAmount,"充值总金额","Total Deposit Amount","充值总金额"
fieldname.depositFor2DaysAmount,"次日复充金额","Next Day Repeat Deposit Amount","次日复充金额"
fieldname.depositFor2DaysToDepositCountRatio,"次日复充率","Next Day Repeat Deposit Rate","次日复充率"
fieldname.loginFor2DaysToLoginCountRatio,"次日登录率","Next Day Registration Rate","次日登录率"
fieldname.depositFor3DaysAmount,"3日复充金额","3 Days Repeat Deposit Amount","3日复充金额"
fieldname.depositFor3DaysToDepositCountRatio,"3日复充率","3 Days Repeat Deposit Rate","3日复充率"
fieldname.loginFor3DaysToLoginCountRatio,"3日登录率","3 Days Registration Rate","3日登录率"
fieldname.depositFor7DaysAmount,"7日复充金额","7 Days Repeat Deposit Amount","7日复充金额"
fieldname.depositFor7DaysToDepositCountRatio,"7日复充率","7 Days Repeat Deposit Rate","7日复充率"
fieldname.loginFor7DaysToLoginCountRatio,"7日登录率","7 Days Registration Rate","7日登录率"
fieldname.depositFor30DaysAmount,"30日复充金额","30 Days Repeat Deposit Amount","30日复充金额"
fieldname.depositFor30DaysToDepositCountRatio,"30日复充率","30 Days Repeat Deposit Rate","30日复充率"
fieldname.loginFor30DaysToLoginCountRatio,"30日登录率","30 Days Registration Rate","30日登录率"
fieldname.statFirstDepositCount,"首充人数","No. of First Deposit Account","首充人数"
fieldname.statFirstDepositAmount,"首充总金额","Total First Deposit Amount","首充总金额"
fieldname.newRegisterCount,"新增人数","No. of New Account","新增人数"
fieldname.newDepositCount,"新增充值人数","No. of New Deposit Account","新增充值人数"
fieldname.queryNewDepositCount,"新增用户充值订单提交人数","No. of New Account Submitting Deposit Order","新增用户充值订单提交人数"
fieldname.activeUserCount,"活跃人数","No. of Active Account","活跃人数"
fieldname.firstDepositWithoutPhoneCount,"未绑定手机号首充用户数量","No. of Unregistered Mobile and First Deposit Account","未绑定手机号首充用户数量"
fieldname.firstDepositWithoutPhoneAmount,"未绑定手机号首充金额","Amount of Unregistered Mobile and First Deposit ","未绑定手机号首充金额"
fieldname.newARPPUAmount,"新增arppu","New ARPU","新增arppu"
fieldname.newDepositAvgCount,"新增充值均次","New Deposit Average Count","新增充值均次"
fieldname.availableAmount,"玩家余额","Player Balance","玩家余额"
fieldname.bindPhoneCount,"新增绑定手机号人数","No. of New Registered Mobile Number Account","新增绑定手机号人数"
fieldname.dailyNewDeviceCount,"日新增设备数","No. of New Devices Per Day","日新增设备数"
fieldname.installCount,"安装量","Amount of Installation","安装量"
fieldname.agentCount,"代理人数","No. of Agents","代理人数"
fieldname.withdrawToDepositAmountRatio,"出入比","Input/Output Ratio","出入比"
fieldname.availableToDepositAmountRatio,"营收比","Revenue Ratio","营收比"
fieldname.ARPPUAmount,"ARPPU","ARPU","ARPPU"
fieldname.baseLevelFirstDepositCount,"一级首充人数","No. of Primary Account of First Deposit","一级首充人数"
fieldname.baseLevelFirstDepositAmount,"一级首充金额","Amount of Primary Account of First Deposit","一级首充金额"
fieldname.depositToWithdrawAmountDiff,"充提差","Deposit-Withdrawal Difference","充提差"
fieldname.depositToWithdrawAmountRatio,"充提差比","Deposit-Withdrawal Difference Radio","充提差比"
fieldname.companyProfitAmount,"营收金额","Revenue Amount","营收金额"
fieldname.onlineDepositSuccessCountRate,"线上充值订单成功率","Online Deposit Order Success Rate","线上充值订单成功率"
fieldname.onlineDepositSuccessAmountRate,"线上充值金额成功率","Online Deposit Amount Success Rate","线上充值金额成功率"
fieldname.newDepositAmount,"新增充值用户首笔充值","First Deposit of New Account Amount","新增充值用户首笔充值"
fieldname.multiDepositCount,"复充人数","No. of Repeat Deposit Account","复充人数"
fieldname.multiDepositAmount,"复充金额","Repeat Deposit Amount","复充金额"
fieldname.depositAndBetAmount,"充值且投注金额","Deposit and Bet Amount","充值且投注金额"
fieldname.validBetAvgAmount,"人均投注金额","Bet Amount Per Account","人均投注金额"
fieldname.depositAndBetCount,"充值投注人数","No. of Bet Account with Deposit","充值投注人数"
fieldname.gameWinLossAmount,"游戏盈亏","Game Profit/Loss","游戏盈亏"
fieldname.companyProfitToDepositAmountRatio,"盈亏充值比","Deposit Profit/Loss Ratio","盈亏充值比"
fieldname.companyProfitToValidBetAmountRatio,"盈亏投注比","Bet Profit/Loss Ratio","盈亏投注比"
fieldname.validBetToDepositAmountRatio,"投注充值比","Bet-Deposit Ratio","投注充值比"
fieldname.companyProfitToVenueFeeAmountRatio,"盈亏税收比","Profit/Loss Tax Ratio","盈亏税收比"
fieldname.payoutAmount,"返奖金额","Payout Amount","返奖金额"
fieldname.venueFeeAmount,"游戏税收","Game Tax","游戏税收"
fieldname.winCountToValidBetCountRatio,"充值赢家数占比","Deposit Winners Ratio","充值赢家数占比"
fieldname.winCount,"赢家人数","No. of Winners","赢家人数"
fieldname.lossCount,"输家人数","No. of Losers","输家人数"
fieldname.winCountToLossCountRatio,"赢家数占比","Winners-Losers Ratio","赢家数占比"
fieldname.comissionAmount,"佣金","Commission","佣金"
fieldname.giveawayAmount,"赠送总金额","Total Giveaway Bonus Amount","赠送总金额"
fieldname.activityGiveawayAmount,"活动赠送金额","Event Giveaway Bonus Amount","活动赠送金额"
fieldname.systemGiveawayCount,"系统赠送人数","No.of System Giveaway Bonus Account","系统赠送人数"
fieldname.systemGiveawayAmount,"系统赠送金额","System Giveaway Bonus Amount","系统赠送金额"
fieldname.commissionCount,"佣金发放人数","No. of Commission Giveaway Bonus Account","佣金发放人数"
fieldname.vipRebateAmount,"vip等级返利","VIP Level Rebate","vip等级返利"
fieldname.date,"日期","Date","日期"
fieldname.boGiveawayCount,"后台账户赠送人数","No. of Backoffice Giveaway Bonus Account","后台账户赠送人数"
fieldname.boGiveawayAmount,"后台账户赠送金额","Backoffice Account Giveaway Bonus Amount","后台账户赠送金额"
fieldname.depositRebateCount,"充值返利赠送人数","No. of Deposit Rebate Bonus","充值返利赠送人数"
fieldname.depositRebateAmount,"充值返利赠送金额","Deposit Rebate Bonus Amount","充值返利赠送金额"
fieldname.otherGiveawayCount,"其他奖励人数","No. of Account of Other Rewards","其他奖励人数"
fieldname.otherGiveawayAmount,"其他奖励金额","Amount of Account of Other Rewards","其他奖励金额"
fieldname.dailyGiveawayCount,"每日礼金赠送人数","No. of Daily Bonus Account","每日礼金赠送人数"
fieldname.dailyGiveawayAmount,"每日礼金赠送金额","Daily Bonus Amount","每日礼金赠送金额"
fieldname.depositGiveawayCount,"充值红包赠送人数","No. of Deposit Red Pocket Bonus Account","充值红包赠送人数"
fieldname.depositGiveawayAmount,"充值红包赠送金额","Deposit Red Pocket Bonus Amount","充值红包赠送金额"
fieldname.autoGiveawayCount,"自动赠送彩金人数","No. of Automatic Giveaway Bonus Account","自动赠送彩金人数"
fieldname.autoGiveawayAmount,"自动赠送彩金金额","Automatic Giveaway Bonus Amount","自动赠送彩金金额"
fieldname.registerGiveawayCount,"注册赠送人数","No. of Registered Giveaway Bonus Account","注册赠送人数"
fieldname.registerGiveawayAmount,"注册赠送金额","Registration Giveaway Bonus Amount","注册赠送金额"
fieldname.bindPhoneGiveawayCount,"绑定手机赠送人数","No. of Registered Mobile Giveaway Bonus Account","绑定手机赠送人数"
fieldname.bindPhoneGiveawayAmount,"绑定手机赠送金额","Registered Mobile Giveaway Bonus Amount","绑定手机赠送金额"
fieldname.missionRewardCount,"任务奖励领取人数","No. of Account who have Collected Mission Reward","任务奖励领取人数"
fieldname.missionRewardAmount,"任务奖励领取金额","Collected Mission Reward Amount","任务奖励领取金额"
fieldname.grantCount,"补助金赠送人数","No. of Account Has Subsidy","补助金赠送人数"
fieldname.grantAmount,"补助金赠送金额","Subsidy Amount","补助金赠送金额"
fieldname.redPocketCount,"红包赠送人数","No. of Deposit Red Pocket Bonus Account","红包赠送人数"
fieldname.redPocketAmount,"红包赠送金额","Deposit Red Pocket Bonus Amount","红包赠送金额"
fieldname.vipRewardCount,"VIP奖励人数","No. of VIP Incentive Account","VIP奖励人数"
fieldname.vipRewardAmount,"VIP奖励金额","VIP Incentive Amount","VIP奖励金额"
fieldname.insuranceCount,"保险金人数","No. of Account Has Insurance","保险金人数"
fieldname.insuranceAmount,"保险金金额","Insurance Amount","保险金金额"
fieldname.multiDepositGiveawayCount,"连续充值红包人数","No. of Consecutive Deposit Red Pocket Account","连续充值红包人数"
fieldname.multiDepositGiveawayAmount,"连续充值红包赠送金额","Consecutive Deposit Red Pocket Amount","连续充值红包赠送金额"
fieldname.mailGiveawayCount,"邮件赠送人数","No. of Email Giveaway Bonus Account","邮件赠送人数"
fieldname.mailGiveawayAmount,"邮件赠送金额","Email Giveaway Bonus Amount","邮件赠送金额"
fieldname.giveawayTotalAmount,"赠送总金额","Total Giveaway Bonus Amount","赠送总金额"
fieldname.giveawayToProfitAmountRatio,"赠送营收比","Gift Revenue Ratio","赠送营收比"
fieldname.depositSuccessCount,"平台成功充值人数","No. of Platform Successful Deposit Account","平台成功充值人数"
fieldname.depositSuccessAmount,"平台成功充值金额","Platform Successful Deposit Amount","平台成功充值金额"
fieldname.depositTimes,"平台充值订单提交笔数","No. of Platform Deposit Order Submission","平台充值订单提交笔数"
fieldname.depositSuccessTimes,"平台订单充值成功笔数","No. of Platform Successful Deposit Order","平台订单充值成功笔数"
fieldname.depositSuccessToDepositTimesRatio,"平台充值笔数成功率","Success Rate of Platform Deposit Order","平台充值笔数成功率"
fieldname.newDepositSuccessCount,"新增用户成功充值人数","No. of New Account Successfully Deposited","新增用户成功充值人数"
fieldname.newDepositSuccessAmount,"新增用户成功充值金额","No. of New Account Successfully Deposited","新增用户成功充值金额"
fieldname.newDepositTimes,"新增用户充值订单提交笔数","No. of New Account Deposit Order Submission","新增用户充值订单提交笔数"
fieldname.newDepositSuccessTimes,"新增用户订单充值成功笔数","No. of New Account Successful Order Deposit","新增用户订单充值成功笔数"
fieldname.newDepositSuccessToFirstDepositTimesRatio,"新增用户充值笔数成功率","Success Rate of New Account Deposit Order","新增用户充值笔数成功率"
fieldname.oldDepositCount,"老用户充值订单提交人数","No. of Old Account Submitting Deposit Order","老用户充值订单提交人数"
fieldname.oldDepositSuccessCount,"老用户成功充值人数","No. of Successful Deposit by Old Account","老用户成功充值人数"
fieldname.oldDepositAmount,"老用户充值订单提交金额","Deposit Order Submission Amount for Old Account","老用户充值订单提交金额"
fieldname.oldDepositSuccessAmount,"老用户成功充值金额","Successful Deposit Amount for Old Account","老用户成功充值金额"
fieldname.oldDepositTimes,"老用户充值订单提交笔数","No. of Old Account Deposit Order Submission","老用户充值订单提交笔数"
fieldname.oldDepositSuccessTimes,"老用户订单充值成功笔数","No. of Successful Deposit By Old Account","老用户订单充值成功笔数"
fieldname.oldDepositSuccessToFirstDepositTimesRatio,"老用户充值笔数成功率","Success Rate of Old Account Deposit Order","老用户充值笔数成功率"
fieldname.onlineDepositCount,"线上充值充值订单提交人数","No. of Online Deposit Order Submission Account","线上充值充值订单提交人数"
fieldname.onlineDepositSuccessCount,"线上充值成功充值人数","No. of Successful Online Deposit Account","线上充值成功充值人数"
fieldname.onlineDepositAmount,"线上充值充值订单提交金额","Online Deposit Order Submission Amount","线上充值充值订单提交金额"
fieldname.onlineDepositSuccessAmount,"线上充值成功充值金额","Successful Deposit Amount","线上充值成功充值金额"
fieldname.onlineDepositTimes,"线上充值充值订单提交笔数","No. of Deposit Order Submission","线上充值充值订单提交笔数"
fieldname.onlineDepositSuccessTimes,"线上充值订单充值成功笔数","No. of Successful Online Deposit Order","线上充值订单充值成功笔数"
fieldname.onlineDepositSuccessToFirstDepositTimesRatio,"线上充值充值笔数成功率","Success Rate of Online Deposit Order","线上充值充值笔数成功率"
fieldname.resourceTotalCount,"资源人数","No. of Account Has Resource","资源人数"
fieldname.registerTotalCount,"已注册数","No. of Registered Account","已注册数"
fieldname.dailyRegisterCount,"当日注册人数","No. of Registered Account on Current Day","当日注册人数"
fieldname.dailyFirstDepositCount,"当日首充人数","No. of Deposited Account on Current Day","当日首充人数"
fieldname.dailyFirstDepositAmount,"当日充值金额","Deposit Amount on Current Day","当日充值金额"
fieldname.nextDayDepositToDepositTimesRatio,"次日充值率","Rate of Deposit on Next Day","次日充值率"
fieldname.nextDayBetRatio,"次日投注率","Rate of Bet on Next Day","次日投注率"
fieldname.nextDayDepositAmount,"次日充值金额","Deposit Amount on Next Day","次日充值金额"
fieldname.3DaysDepositRatio,"3日充值率","Last 3 Days Rate of Deposit","3日充值率"
fieldname.threeDaysDepositRatio,"3日充值率","Last 3 Days Rate of Deposit","3日充值率"
fieldname.3DaysBetRatio,"3日投注率","Last 3 Days Rate of Bet","3日投注率"
fieldname.threeDaysBetRatio,"3日投注率","Last 3 Days Rate of Bet","3日投注率"
fieldname.thirdDayDepositAmount,"3日充值金额","Last 3 Days Deposit Amount","3日充值金额"
fieldname.7DaysDepositRatio,"7日充值率","Last 7 Days Rate of Deposit","7日充值率"
fieldname.sevenDaysDepositRatio,"7日充值率","Last 7 Days Rate of Deposit","7日充值率"
fieldname.7DaysBetRatio,"7日投注率","Last 7 Days Rate of Deposit","7日投注率"
fieldname.sevenDaysBetRatio,"7日投注率","Last 7 Days Rate of Bet","7日投注率"
fieldname.seventhDayDepositAmount,"7日充值金额","Last 7 Days Deposit Amount","7日充值金额"
fieldname.30DaysDepositRatio,"30日充值率","Last 30 Days Rate of Deposit","30日充值率"
fieldname.thirtyDaysDepositRatio,"30日充值率","Last 30 Days Rate of Deposit","30日充值率"
fieldname.30DaysBetRatio,"30日投注率","Last 30 Days Rate of Deposit","30日投注率"
fieldname.thirtyDaysBetRatio,"30日投注率","Last 30 Days Rate of Deposit","30日投注率"
fieldname.thirtiethDayDepositAmount,"30日充值金额","Last 30 Days Deposit Amount","30日充值金额"
fieldname.thirtyDayDepositAmount,"30日充值金额","Last 3 Days Deposit Amount","30日充值金额"
fieldname.validBetFor2DaysCount,"次日投注人数","No. of Next Day Bet Account","次日投注人数"
fieldname.validBetFor2DaysAmount,"次日投注金额","Next Day Bet Amount","次日投注金额"
fieldname.validBetFor3DaysCount,"3日投注人数","No. of Last 3 Days Bet Account","3日投注人数"
fieldname.validBetFor3DaysAmount,"3日投注金额","Last 3 Days Bet Amount","3日投注金额"
fieldname.validBetFor7DaysCount,"7日投注人数","No. of Last 7 Days Bet Account","7日投注人数"
fieldname.validBetFor7DaysAmount,"7日投注金额","Last 7 Days Bet Amount","7日投注金额"
fieldname.validBetFor30DaysCount,"30日投注人数","No. of Last 30 Days Bet Account","30日投注人数"
fieldname.validBetFor30DaysAmount,"30日投注金额","Last 30 Days Bet Amount","30日投注金额"
fieldname.depositFor2DaysCount,"次日复充人数","No. of Next Day Repeat Deposit Account","次日复充人数"
fieldname.depositFor3DaysCount,"3日复充人数","No. of Last 3 Days Repeat Deposit Account","3日复充人数"
fieldname.depositFor7DaysCount,"7日复充人数","No. of Last 7 Days Repeat Deposit Account","7日复充人数"
fieldname.depositFor30DaysCount,"30日复充人数","No. of Last 30 Days Repeat Deposit Account","30日复充人数"
fieldname.newDepositTotalAmount,"新增充值总金额","Total New Deposit Amount","新增充值总金额"
fieldname.directTeamOnly,"团队","Team","团队"
fieldname.question,"问题","undefined","问题"
fieldname.answer,"答案","undefined","答案"
error.unsupportFileType,"请使用 jpg/ png","Please use in jpg/ png format.","请使用 jpg/ png"
error.noSpecialCharacter,"不包含任何特别字符","Not contain any special characters.","不包含任何特别字符"
error.wrongFilePath,"请上载图片","Please upload image.","请上载图片"
error.uploadFail,"上载失败","Upload Failed","上载失败"
error.loadImageFail,"加载图片失败","Failed to load the image","加载图片失败"
error.pleaseSelect,"请选择","Please select","请选择"
fieldValue.false,"停用","Disable","停用"
fieldValue.true,"啟用","Enable","啟用"
fieldValue.off,"停用","Disable","停用"
fieldValue.on,"啟用","Enable","啟用"
fieldValue.disabled,"停用","Disable","停用"
fieldValue.enabled,"啟用","Enable","啟用"
fieldValue.Disabled,"停用","Disable","停用"
fieldValue.Enabled,"啟用","Enable","啟用"
fieldValue.Ongoing,"進行中","In Progress","進行中"
fieldValue.Showing,"顯示中","Displaying","顯示中"
fieldValue.inprogress,"進行中","In Progress","進行中"
fieldValue.displaying,"顯示中","Displaying","顯示中"
fieldValue.ResetPassword,"重置登录密码","Reset Password","重置登录密码"
fieldValue.DeleteBank,"删除银行卡","Delete Wallet Address","删除银行卡"
fieldValue.DeleteAddress,"删除银包地址","Delete Wallet Address","删除银包地址"
fieldValue.DeletePhone,"删除手机号","Delete Mobile No.","删除手机号"
fieldValue.DeleteMail,"删除邮箱","Delete Email","删除邮箱"
fieldValue.EditName,"绑定姓名","Edit Registered Name","绑定姓名"
fieldValue.create,"新增","Add","新增"
fieldValue.viewCert,"查看凭证","View Proof","查看凭证"
fieldValue.viewPlan,"查看方案","View Program","查看方案"
fieldValue.view,"查看","View","查看"
fieldValue.edit,"编辑","Edit","编辑"
fieldValue.delete,"删除","Delete","删除"
fieldValue.home,"首页","Home Page","首页"
fieldValue.lobby,"活动大厅","Lobby","活动大厅"
fieldValue.vip,"VIP页","VIP Page","VIP页"
fieldValue.close,"关闭","Off","关闭"
fieldValue.open,"开启","On","开启"
fieldValue.EveryTimeBeforeLogin,"登录前每次","Every Time Before Login","登录前每次"
fieldValue.OnceAfterLogin,"登录后首次","First Time After Login","登录后首次"
fieldValue.EveryTimeAfterLogin,"登录后每次","Every Time After Login","登录后每次"
fieldValue.blacklistHistory,"拉黑日志","Blacklist Log","拉黑日志"
fieldValue.blacklistDisabled,"正常","Normal","正常"
fieldValue.blacklistEnabled,"已拉黑","Blacklisted","已拉黑"
fieldValue.blacklistDisable," 取消拉黑","Cancel Blacklist"," 取消拉黑"
fieldValue.blacklistEnable,"确定拉黑","Confirm to Blacklist","确定拉黑"
fieldValue.freezeStatus,"冻结状态","Freezing Status","冻结状态"
fieldValue.vendorID,"游戏供应商","Game Provider","游戏供应商"
fieldValue.prefix,"账号前坠","Account Prefix","账号前坠"
fieldValue.maintime,"维护时间","Maintenance Time","维护时间"
fieldValue.demo,"支持试玩","Support Trial","支持试玩"
fieldValue.RemarkNotMatch,"附言不符合","The comment does not match.","附言不符合"
fieldValue.AmountNotMatch,"金额不符合","The amount does not match.","金额不符合"
fieldValue.NameNotMatch,"姓名不符合","The name does not match.","姓名不符合"
fieldValue.BankCardNotMatch,"银行卡不符合","The bank card does not match.","银行卡不符合"
fieldValue.PendingManual,"公司-待审核","Company-Pending Review","公司-待审核"
fieldValue.ManualFailed,"公司-失败","Company-Failed","公司-失败"
fieldValue.ManualSuccess,"公司-成功","Company-Success","公司-成功"
fieldValue.PendingPayment,"三方-支付中","Third-Party-Payment Processing","三方-支付中"
fieldValue.PaymentFailed,"三方-失败","Third-Party-Failed","三方-失败"
fieldValue.PaymentSuccess,"三方-成功","Third-Party-Success","三方-成功"
fieldValue.PendingPaymentWithdraw,"待出款","Pending Withdrawal","待出款"
fieldValue.PendingApprovalWithdraw,"待审核","Pending Audit","待审核"
fieldValue.SuccessWithdraw,"成功","Success","成功"
fieldValue.FailedWithdraw,"失败","Failed","失败"
fieldValue.RejectedWithdraw,"拒绝","Rejected","拒绝"
fieldValue.CentralBankMaintenance,"央行维护中，请查看最新公告。","During the maintenance of the central bank, please check the latest announcement.","央行维护中，请查看最新公告。"
fieldValue.BankAccountInfoError,"您的银行账户信息异常，请重新检查。","Your bank account information is abnormal, please check again.","您的银行账户信息异常，请重新检查。"
fieldValue.Member,"会员","Member","会员"
fieldValue.Agent,"代理","Agent","代理"
fieldValue.Chess,"棋牌","Arcade","棋牌"
fieldValue.Electronic,"电子","Slot","电子"
fieldValue.Sport,"体育","Sports","体育"
fieldValue.Lottery,"彩票","Lottery","彩票"
fieldValue.Real,"真人","Live","真人"
fieldValue.Fish,"捕鱼","Fish","捕鱼"
fieldValue.Total,"總計","Total","總計"
fieldValue.WeeklyProfit,"每週礼金","Weekly Bonus","每週礼金"
fieldValue.MonthlyProfit,"每月礼金","Monthly Bonus","每月礼金"
fieldValue.BirthdayProfit,"生日礼金","Birthday Bonus","生日礼金"
fieldValue.SportRebate,"体育返水","Sports Rebate","体育返水"
fieldValue.AttendanceProfit,"出席礼金","Attendance Bonus","出席礼金"
fieldValue.RealRebate,"真人返水","Live Rebate","真人返水"
fieldValue.LotteryRebate,"彩票返水","Lottery Rebate","彩票返水"
fieldValue.ChessRebate,"棋牌返水","Arcade Rebate","棋牌返水"
fieldValue.ElectronicRebate,"电子返水","Slot Rebate","电子返水"
fieldValue.FirstDeposit,"首次充值","First Time Deposit","首次充值"
fieldValue.FishRebate,"捕鱼返水","Fish Rebate","捕鱼返水"
fieldValue.NegativeProfit,"负盈利","Negative Profit Reward","负盈利"
fieldValue.DailyDeposit,"每日充值","Daily Deposit","每日充值"
fieldValue.RedPocketRain,"红包雨","Red Pocket Rain","红包雨"
fieldValue.PrizeWheel,"獎輪","Prize Wheel","獎輪"
fieldValue.upgrade_profit,"升级礼金","Upgrading Reward","升级礼金"
fieldValue.weekly_profit,"每週礼金","Weekly Bonus","每週礼金"
fieldValue.monthly_profit,"每月礼金","Monthly Bonus","每月礼金"
fieldValue.birthday_profit,"生日礼金","Birthday Bonus","生日礼金"
fieldValue.attendance_profit,"出席礼金","Participation Bonus","出席礼金"
fieldValue.sport_rebate,"体育返水","Sports Rebate","体育返水"
fieldValue.real_rebate,"真人返水","Live Rebate","真人返水"
fieldValue.lottery_rebate,"彩票返水","Lottery Rebate","彩票返水"
fieldValue.chess_rebate,"棋牌返水","Arcade Rebate","棋牌返水"
fieldValue.electronic_rebate,"电子返水","Slot Rebate","电子返水"
fieldValue.fish_rebate,"捕鱼返水","Fish Rebate","捕鱼返水"
fieldValue.manaul_giveaway,"赠送彩金","Giveaway Bonus","赠送彩金"
fieldValue.Approving,"审核中","Reviewing","审核中"
fieldValue.Success,"成功","Success","成功"
fieldValue.Failed,"失败","Failed","失败"
fieldValue.PendingApproval,"待审核","Pending Review","待审核"
fieldValue.Online,"在线","Online","在线"
fieldValue.Idle,"闲置","Inactive","闲置"
fieldValue.Offline,"离线","Offline","离线"
fieldValue.gamemgt_maintainence,"维护","Maintenance","维护"
fieldValue.gamemgt_online,"运营","Operating","运营"
fieldValue.gamemgt_offline,"下架","Offline","下架"
fieldValue.Pending,"待处理","Pending For Processing","待处理"
fieldValue.Handled,"已处理","Processed","已处理"
fieldValue.NoLogin,"不可登录","Unable to Login","不可登录"
fieldValue.NoTransaction,"资金冻结","Frozen Deposit","资金冻结"
fieldValue.NoTransactionButBet,"只可投注","Bet Only","只可投注"
fieldValue.FreezeNoLogin,"不可登录","Unable to Login","不可登录"
fieldValue.FreezeNoTransaction,"资金冻结","Frozen Deposit","资金冻结"
fieldValue.FreezeNoTransactionButBet,"只可投注","Bet Only","只可投注"
separateField.levelKey,"第 {{value}} 層","Level {{value}} ","第 {{value}} 層"
placeholder.title,"请输入标题","Please enter the title.","请输入标题"
placeholder.link,"请依照规则输入链接","Please enter the link according to the rules.","请依照规则输入链接"
placeholder.remark,"请输入备注","Please enter the remarks.","请输入备注"
placeholder.keyword,"请输入关键字","Please enter key words.","请输入关键字"
placeholder.integer,"请输入正整数","Please enter the positive integer.","请输入正整数"
placeholder.platformID,"请选择现合网","Please select the opt site.","请选择现合网"
placeholder.engIntInput,"请以英文逗号分开多个输入值","Please separate multiple input values ​​in English comma.","请以英文逗号分开多个输入值"
placeholder.account,"请输入登录账号","Please enter the login account.","请输入登录账号"
placeholder.announcementTag,"请输入公告标签名称","Please enter the announcement tag name.","请输入公告标签名称"
placeholder.order,"请输入排序值","Please enter the sort value.","请输入排序值"
placeholder.usernames,"请输入会员账号","Please enter the member account.","请输入会员账号"
placeholder.deviceID,"请输入设备号","Please enter the device no.","请输入设备号"
placeholder.bankAccount,"请输入银行卡号","Please enter the bank card no.","请输入银行卡号"
placeholder.walletAddress,"请输入钱包地址","Please enter the wallet address.","请输入钱包地址"
placeholder.ip,"请输入IP地址","Please enter the IP address.","请输入IP地址"
placeholder.content,"请输入内容","Please enter the content.","请输入内容"
login.zh-CN,"简体中文","简体中文","简体中文"
login.zh-TW,"繁體中文","繁體中文","繁體中文"
login.en-US,"English","English","English"
login.login,"登入","Login","登入"
login.account,"帐户","Account","帐户"
login.password,"密码","Password","密码"
button_upload_image,"上传图片","Upload Photo","上传图片"
button_upload_attachment,"上传凭证","Upload Proof","上传凭证"
